{
  "mekanism:root": {
    "criteria": {
      "automatic": "2025-05-25 20:55:59 +0800"
    },
    "done": true
  },
  "tconstruct:tools/materials_and_you": {
    "criteria": {
      "crafted_book": "2025-05-25 20:56:11 +0800"
    },
    "done": true
  },
  "create:root": {
    "criteria": {
      "0": "2025-05-25 20:56:11 +0800"
    },
    "done": true
  },
  "ae2wtlib:recipes/wireless_universal_terminal/upgrade_pattern_access": {
    "criteria": {
      "has_wit": "2025-05-25 20:56:11 +0800"
    },
    "done": true
  },
  "minecraft:recipes/decorations/crafting_table": {
    "criteria": {
      "unlock_right_away": "2025-05-25 20:56:11 +0800"
    },
    "done": true
  },
  "ae2wtlib:recipes/wireless_universal_terminal/upgrade_crafting": {
    "criteria": {
      "has_wct": "2025-05-25 20:56:11 +0800"
    },
    "done": true
  },
  "ae2wtlib:recipes/wireless_pattern_access_terminal": {
    "criteria": {
      "has_wt": "2025-05-25 20:56:11 +0800"
    },
    "done": true
  },
  "vintageimprovements:root": {
    "criteria": {
      "0": "2025-05-25 20:56:11 +0800"
    },
    "done": true
  },
  "ae2wtlib:recipes/wireless_pattern_encoding_terminal": {
    "criteria": {
      "has_wt": "2025-05-25 20:56:11 +0800"
    },
    "done": true
  },
  "ae2wtlib:recipes/magnet_card": {
    "criteria": {
      "has_wct": "2025-05-25 20:56:11 +0800"
    },
    "done": true
  },
  "ae2wtlib:recipes/wireless_universal_terminal/upgrade_pattern_encoding": {
    "criteria": {
      "has_wpt": "2025-05-25 20:56:11 +0800"
    },
    "done": true
  },
  "ae2wtlib:recipes/wireless_universal_terminal/ce": {
    "criteria": {
      "has_wpt": "2025-05-25 20:56:11 +0800",
      "has_wct": "2025-05-25 20:56:11 +0800"
    },
    "done": true
  },
  "ae2wtlib:recipes/wireless_universal_terminal/ca": {
    "criteria": {
      "has_wit": "2025-05-25 20:56:11 +0800",
      "has_wct": "2025-05-25 20:56:11 +0800"
    },
    "done": true
  },
  "ae2wtlib:recipes/wireless_universal_terminal/ae": {
    "criteria": {
      "has_wit": "2025-05-25 20:56:11 +0800",
      "has_wpt": "2025-05-25 20:56:11 +0800"
    },
    "done": true
  },
  "ae2wtlib:recipes/quantum_bridge_card": {
    "criteria": {
      "has_wit": "2025-05-25 20:56:11 +0800",
      "has_wpt": "2025-05-25 20:56:11 +0800",
      "has_wct": "2025-05-25 20:56:11 +0800"
    },
    "done": true
  },
  "create_connected:root": {
    "criteria": {
      "0": "2025-05-25 20:56:11 +0800"
    },
    "done": true
  },
  "tconstruct:internal/starting_book": {
    "criteria": {
      "tick": "2025-05-25 20:56:11 +0800"
    },
    "done": true
  },
  "farmersdelight:main/root": {
    "criteria": {
      "seeds": "2025-05-25 20:56:11 +0800"
    },
    "done": true
  },
  "capsule:recipes/tools/captureblock": {
    "criteria": {
      "has_compass": "2025-05-25 20:56:11 +0800"
    },
    "done": true
  },
  "minecraft:adventure/adventuring_time": {
    "criteria": {
      "minecraft:plains": "2025-05-25 20:56:12 +0800"
    },
    "done": false
  },
  "minecraft:story/upgrade_tools": {
    "criteria": {
      "stone_pickaxe": "2025-05-25 20:56:51 +0800"
    },
    "done": true
  },
  "minecraft:recipes/decorations/torch": {
    "criteria": {
      "has_stone_pickaxe": "2025-05-25 20:56:51 +0800"
    },
    "done": true
  },
  "minecraft:recipes/decorations/campfire": {
    "criteria": {
      "has_coal": "2025-05-25 20:56:53 +0800"
    },
    "done": true
  },
  "supplementaries:recipes/sconce": {
    "criteria": {
      "has_torch": "2025-05-25 20:56:55 +0800"
    },
    "done": true
  },
  "create:recipes/misc/crafting/schematics/schematic_table": {
    "criteria": {
      "has_item": "2025-05-25 20:57:17 +0800"
    },
    "done": true
  },
  "create:recipes/misc/crafting/schematics/schematicannon": {
    "criteria": {
      "has_item": "2025-05-25 20:57:17 +0800"
    },
    "done": true
  },
  "farmersdelight:recipes/decorations/oak_cabinet": {
    "criteria": {
      "has_oak_trapdoor": "2025-05-25 20:58:19 +0800"
    },
    "done": true
  },
  "tconstruct:tools/part_builder": {
    "criteria": {
      "crafted_block": "2025-05-30 20:35:22 +0800"
    },
    "done": true
  },
  "tconstruct:tools/tinker_station": {
    "criteria": {
      "crafted_block": "2025-05-30 20:35:23 +0800"
    },
    "done": true
  },
  "create_connected:recipes/crafting/kinetics/six_way_gearbox": {
    "criteria": {
      "has_item": "2025-05-30 20:37:27 +0800"
    },
    "done": true
  },
  "create_connected:recipes/crafting/kinetics/large_crank_wheel": {
    "criteria": {
      "has_item": "2025-05-30 20:37:27 +0800"
    },
    "done": true
  },
  "create_connected:recipes/crafting/kinetics/parallel_gearbox": {
    "criteria": {
      "has_item": "2025-05-30 20:37:27 +0800"
    },
    "done": true
  },
  "copycats:recipes/crafting/copycat_large_cogwheel": {
    "criteria": {
      "has_item": "2025-05-30 20:37:27 +0800"
    },
    "done": true
  },
  "create:recipes/misc/crafting/kinetics/gearbox": {
    "criteria": {
      "has_item": "2025-05-30 20:37:28 +0800"
    },
    "done": true
  },
  "copycats:recipes/crafting/copycat_cogwheel": {
    "criteria": {
      "has_item": "2025-05-30 20:37:28 +0800"
    },
    "done": true
  },
  "create_connected:recipes/crafting/kinetics/freewheel_clutch": {
    "criteria": {
      "has_item": "2025-05-30 20:37:28 +0800"
    },
    "done": true
  },
  "create_connected:recipes/crafting/kinetics/crank_wheel": {
    "criteria": {
      "has_item": "2025-05-30 20:37:28 +0800"
    },
    "done": true
  },
  "create:recipes/misc/crafting/kinetics/vertical_gearbox": {
    "criteria": {
      "has_item": "2025-05-30 20:37:28 +0800"
    },
    "done": true
  },
  "create:shifting_gears": {
    "criteria": {
      "0": "2025-05-30 20:37:31 +0800"
    },
    "done": true
  },
  "minecraft:recipes/building_blocks/oak_planks": {
    "criteria": {
      "has_logs": "2025-05-30 20:38:28 +0800"
    },
    "done": true
  },
  "minecraft:recipes/misc/charcoal": {
    "criteria": {
      "has_log": "2025-05-30 20:38:28 +0800"
    },
    "done": true
  },
  "minecraft:recipes/building_blocks/oak_wood": {
    "criteria": {
      "has_log": "2025-05-30 20:38:28 +0800"
    },
    "done": true
  },
  "minecraft:recipes/misc/iron_nugget_from_smelting": {
    "criteria": {
      "has_iron_axe": "2025-05-30 20:39:14 +0800"
    },
    "done": true
  },
  "minecraft:recipes/misc/iron_nugget_from_blasting": {
    "criteria": {
      "has_iron_axe": "2025-05-30 20:39:14 +0800"
    },
    "done": true
  },
  "minecraft:recipes/decorations/oak_hanging_sign": {
    "criteria": {
      "has_stripped_logs": "2025-05-30 20:39:16 +0800"
    },
    "done": true
  },
  "minecraft:recipes/building_blocks/stripped_oak_wood": {
    "criteria": {
      "has_log": "2025-05-30 20:39:16 +0800"
    },
    "done": true
  },
  "create:wrench_goggles": {
    "criteria": {
      "0": "2025-05-30 20:41:50 +0800",
      "1": "2025-07-15 17:32:11 +0800"
    },
    "done": true
  },
  "create:belt": {
    "criteria": {
      "0": "2025-05-30 20:41:54 +0800"
    },
    "done": true
  },
  "create:recipes/misc/crafting/appliances/tree_fertilizer": {
    "criteria": {
      "has_item": "2025-05-30 20:42:34 +0800"
    },
    "done": true
  },
  "farmersdelight:recipes/cooking/dog_food": {
    "criteria": {
      "has_any_ingredient": "2025-05-30 20:42:34 +0800"
    },
    "done": true
  },
  "create:recipes/misc/crafting/tree_fertilizer": {
    "criteria": {
      "has_item": "2025-05-30 20:42:34 +0800"
    },
    "done": true
  },
  "minecraft:recipes/misc/white_dye": {
    "criteria": {
      "has_bone_meal": "2025-05-30 20:42:34 +0800"
    },
    "done": true
  },
  "supplementaries:recipes/planter_rich": {
    "criteria": {
      "has_bone_meal": "2025-05-30 20:42:34 +0800"
    },
    "done": true
  },
  "minecraft:recipes/building_blocks/bone_block": {
    "criteria": {
      "has_bone_meal": "2025-05-30 20:42:34 +0800"
    },
    "done": true
  },
  "create:recipes/misc/crafting/kinetics/mechanical_press": {
    "criteria": {
      "has_item": "2025-05-30 20:44:57 +0800"
    },
    "done": true
  },
  "create:recipes/misc/crafting/kinetics/andesite_door": {
    "criteria": {
      "has_item": "2025-05-30 20:44:57 +0800"
    },
    "done": true
  },
  "crystal_clear:recipes/decorations/crafting/glass_scaffolding/copper_clear_glass_scaffolding": {
    "criteria": {
      "has_valve": "2025-05-30 20:44:57 +0800"
    },
    "done": true
  },
  "create:recipes/misc/crafting/kinetics/portable_storage_interface": {
    "criteria": {
      "has_item": "2025-05-30 20:44:57 +0800"
    },
    "done": true
  },
  "minecraft:recipes/decorations/chest": {
    "criteria": {
      "has_lots_of_items": "2025-05-30 20:44:57 +0800"
    },
    "done": true
  },
  "create:recipes/misc/crafting/kinetics/weighted_ejector": {
    "criteria": {
      "has_item": "2025-05-30 20:44:57 +0800"
    },
    "done": true
  },
  "create:recipes/misc/crafting/kinetics/mechanical_plough": {
    "criteria": {
      "has_item": "2025-05-30 20:44:57 +0800"
    },
    "done": true
  },
  "create:recipes/misc/crafting/kinetics/mechanical_harvester": {
    "criteria": {
      "has_item": "2025-05-30 20:44:57 +0800"
    },
    "done": true
  },
  "crystal_clear:recipes/decorations/crafting/glass_scaffolding/brass_clear_glass_scaffolding": {
    "criteria": {
      "has_valve": "2025-05-30 20:44:57 +0800"
    },
    "done": true
  },
  "railways:recipes/misc/crafting/track_switch_andesite": {
    "criteria": {
      "has_item": "2025-05-30 20:44:57 +0800"
    },
    "done": true
  },
  "crystal_clear:recipes/decorations/crafting/glass_casing/brass_glass_casing": {
    "criteria": {
      "has_valve": "2025-05-30 20:44:57 +0800"
    },
    "done": true
  },
  "create:recipes/misc/crafting/kinetics/encased_chain_drive": {
    "criteria": {
      "has_item": "2025-05-30 20:44:57 +0800"
    },
    "done": true
  },
  "create:recipes/misc/crafting/kinetics/mechanical_drill": {
    "criteria": {
      "has_item": "2025-05-30 20:44:57 +0800"
    },
    "done": true
  },
  "create:recipes/misc/crafting/kinetics/mechanical_piston": {
    "criteria": {
      "has_item": "2025-05-30 20:44:57 +0800"
    },
    "done": true
  },
  "create:recipes/misc/crafting/kinetics/mechanical_roller": {
    "criteria": {
      "has_item": "2025-05-30 20:44:57 +0800"
    },
    "done": true
  },
  "crystal_clear:recipes/decorations/crafting/glass_casing/train_clear_glass_casing": {
    "criteria": {
      "has_valve": "2025-05-30 20:44:57 +0800"
    },
    "done": true
  },
  "create:recipes/misc/crafting/kinetics/gantry_carriage": {
    "criteria": {
      "has_item": "2025-05-30 20:44:57 +0800"
    },
    "done": true
  },
  "crystal_clear:recipes/decorations/crafting/glass_casing/train_glass_casing": {
    "criteria": {
      "has_valve": "2025-05-30 20:44:57 +0800"
    },
    "done": true
  },
  "create:recipes/misc/crafting/kinetics/millstone": {
    "criteria": {
      "has_item": "2025-05-30 20:44:57 +0800"
    },
    "done": true
  },
  "crystal_clear:recipes/decorations/crafting/glass_casing/copper_clear_glass_casing": {
    "criteria": {
      "has_valve": "2025-05-30 20:44:57 +0800"
    },
    "done": true
  },
  "crystal_clear:recipes/decorations/crafting/glass_casing/brass_clear_glass_casing": {
    "criteria": {
      "has_valve": "2025-05-30 20:44:57 +0800"
    },
    "done": true
  },
  "crystal_clear:recipes/decorations/crafting/glass_casing/andesite_glass_casing": {
    "criteria": {
      "has_valve": "2025-05-30 20:44:57 +0800"
    },
    "done": true
  },
  "create:recipes/misc/crafting/kinetics/mechanical_saw": {
    "criteria": {
      "has_item": "2025-05-30 20:44:57 +0800"
    },
    "done": true
  },
  "create:recipes/misc/crafting/kinetics/clutch": {
    "criteria": {
      "has_item": "2025-05-30 20:44:57 +0800"
    },
    "done": true
  },
  "create:recipes/misc/crafting/kinetics/depot": {
    "criteria": {
      "has_item": "2025-05-30 20:44:57 +0800"
    },
    "done": true
  },
  "crystal_clear:recipes/decorations/crafting/glass_scaffolding/andesite_clear_glass_scaffolding": {
    "criteria": {
      "has_valve": "2025-05-30 20:44:57 +0800"
    },
    "done": true
  },
  "crystal_clear:recipes/decorations/crafting/glass_scaffolding/andesite_glass_scaffolding": {
    "criteria": {
      "has_valve": "2025-05-30 20:44:57 +0800"
    },
    "done": true
  },
  "crystal_clear:recipes/decorations/crafting/glass_casing/copper_glass_casing": {
    "criteria": {
      "has_valve": "2025-05-30 20:44:57 +0800"
    },
    "done": true
  },
  "create:recipes/misc/crafting/kinetics/mechanical_bearing": {
    "criteria": {
      "has_item": "2025-05-30 20:44:57 +0800"
    },
    "done": true
  },
  "crystal_clear:recipes/decorations/crafting/glass_scaffolding/brass_glass_scaffolding": {
    "criteria": {
      "has_valve": "2025-05-30 20:44:57 +0800"
    },
    "done": true
  },
  "crystal_clear:recipes/decorations/crafting/glass_casing/andesite_clear_glass_casing": {
    "criteria": {
      "has_valve": "2025-05-30 20:44:57 +0800"
    },
    "done": true
  },
  "crystal_clear:recipes/decorations/crafting/glass_scaffolding/copper_glass_scaffolding": {
    "criteria": {
      "has_valve": "2025-05-30 20:44:57 +0800"
    },
    "done": true
  },
  "create:recipes/misc/crafting/kinetics/gearshift": {
    "criteria": {
      "has_item": "2025-05-30 20:44:57 +0800"
    },
    "done": true
  },
  "create:recipes/misc/crafting/kinetics/smart_chute": {
    "criteria": {
      "has_item": "2025-05-30 20:45:16 +0800"
    },
    "done": true
  },
  "minecraft:recipes/decorations/ladder": {
    "criteria": {
      "has_stick": "2025-05-30 20:45:26 +0800"
    },
    "done": true
  },
  "tconstruct:recipes/misc/tables/pattern": {
    "criteria": {
      "has_item": "2025-05-30 20:45:26 +0800"
    },
    "done": true
  },
  "supplementaries:recipes/flags/flag_magenta": {
    "criteria": {
      "has_stick": "2025-05-30 20:45:26 +0800"
    },
    "done": true
  },
  "minecraft:recipes/tools/wooden_axe": {
    "criteria": {
      "has_stick": "2025-05-30 20:45:26 +0800"
    },
    "done": true
  },
  "supplementaries:recipes/daub_cross_brace": {
    "criteria": {
      "forge:rods/wooden": "2025-05-30 20:45:26 +0800"
    },
    "done": true
  },
  "supplementaries:recipes/timber_brace": {
    "criteria": {
      "forge:rods/wooden": "2025-05-30 20:45:26 +0800"
    },
    "done": true
  },
  "supplementaries:recipes/flags/flag_black": {
    "criteria": {
      "has_stick": "2025-05-30 20:45:26 +0800"
    },
    "done": true
  },
  "minecraft:recipes/combat/wooden_sword": {
    "criteria": {
      "has_stick": "2025-05-30 20:45:26 +0800"
    },
    "done": true
  },
  "supplementaries:recipes/flags/flag_green": {
    "criteria": {
      "has_stick": "2025-05-30 20:45:26 +0800"
    },
    "done": true
  },
  "supplementaries:recipes/flags/flag_purple": {
    "criteria": {
      "has_stick": "2025-05-30 20:45:26 +0800"
    },
    "done": true
  },
  "supplementaries:recipes/flags/flag_white": {
    "criteria": {
      "has_stick": "2025-05-30 20:45:26 +0800"
    },
    "done": true
  },
  "supplementaries:recipes/timber_cross_brace": {
    "criteria": {
      "forge:rods/wooden": "2025-05-30 20:45:26 +0800"
    },
    "done": true
  },
  "supplementaries:recipes/flags/flag_gray": {
    "criteria": {
      "has_stick": "2025-05-30 20:45:26 +0800"
    },
    "done": true
  },
  "supplementaries:recipes/faucet": {
    "criteria": {
      "forge:rods/wooden": "2025-05-30 20:45:26 +0800"
    },
    "done": true
  },
  "supplementaries:recipes/flags/flag_light_blue": {
    "criteria": {
      "has_stick": "2025-05-30 20:45:26 +0800"
    },
    "done": true
  },
  "supplementaries:recipes/daub_brace": {
    "criteria": {
      "forge:rods/wooden": "2025-05-30 20:45:26 +0800"
    },
    "done": true
  },
  "minecraft:recipes/tools/wooden_pickaxe": {
    "criteria": {
      "has_stick": "2025-05-30 20:45:26 +0800"
    },
    "done": true
  },
  "supplementaries:recipes/flags/flag_cyan": {
    "criteria": {
      "has_stick": "2025-05-30 20:45:26 +0800"
    },
    "done": true
  },
  "supplementaries:recipes/flags/flag_red": {
    "criteria": {
      "has_stick": "2025-05-30 20:45:26 +0800"
    },
    "done": true
  },
  "supplementaries:recipes/crank": {
    "criteria": {
      "forge:rods/wooden": "2025-05-30 20:45:26 +0800"
    },
    "done": true
  },
  "supplementaries:recipes/flags/flag_orange": {
    "criteria": {
      "has_stick": "2025-05-30 20:45:26 +0800"
    },
    "done": true
  },
  "immersiveengineering:recipes/misc/crafting/torch": {
    "criteria": {
      "has_stick": "2025-05-30 20:45:26 +0800"
    },
    "done": true
  },
  "supplementaries:recipes/flags/flag_pink": {
    "criteria": {
      "has_stick": "2025-05-30 20:45:26 +0800"
    },
    "done": true
  },
  "supplementaries:recipes/timber_frame": {
    "criteria": {
      "forge:rods/wooden": "2025-05-30 20:45:26 +0800"
    },
    "done": true
  },
  "minecraft:recipes/tools/wooden_hoe": {
    "criteria": {
      "has_stick": "2025-05-30 20:45:26 +0800"
    },
    "done": true
  },
  "supplementaries:recipes/slingshot": {
    "criteria": {
      "forge:rods/wooden": "2025-05-30 20:45:26 +0800"
    },
    "done": true
  },
  "minecraft:recipes/tools/wooden_shovel": {
    "criteria": {
      "has_stick": "2025-05-30 20:45:26 +0800"
    },
    "done": true
  },
  "ae2:recipes/misc/network/blocks/crank": {
    "criteria": {
      "has_stick": "2025-05-30 20:45:26 +0800"
    },
    "done": true
  },
  "supplementaries:recipes/flags/flag_brown": {
    "criteria": {
      "has_stick": "2025-05-30 20:45:26 +0800"
    },
    "done": true
  },
  "farmersdelight:recipes/combat/flint_knife": {
    "criteria": {
      "has_stick": "2025-05-30 20:45:26 +0800"
    },
    "done": true
  },
  "supplementaries:recipes/flags/flag_blue": {
    "criteria": {
      "has_stick": "2025-05-30 20:45:26 +0800"
    },
    "done": true
  },
  "supplementaries:recipes/daub_frame": {
    "criteria": {
      "forge:rods/wooden": "2025-05-30 20:45:26 +0800"
    },
    "done": true
  },
  "supplementaries:recipes/flags/flag_yellow": {
    "criteria": {
      "has_stick": "2025-05-30 20:45:26 +0800"
    },
    "done": true
  },
  "supplementaries:recipes/flags/flag_light_gray": {
    "criteria": {
      "has_stick": "2025-05-30 20:45:26 +0800"
    },
    "done": true
  },
  "farmersdelight:recipes/decorations/cutting_board": {
    "criteria": {
      "has_stick": "2025-05-30 20:45:26 +0800"
    },
    "done": true
  },
  "supplementaries:recipes/flags/flag_lime": {
    "criteria": {
      "has_stick": "2025-05-30 20:45:26 +0800"
    },
    "done": true
  },
  "create:chute": {
    "criteria": {
      "0": "2025-05-30 20:45:40 +0800"
    },
    "done": true
  },
  "supplementaries:recipes/flower_box": {
    "criteria": {
      "has_dirt": "2025-05-30 20:46:08 +0800"
    },
    "done": true
  },
  "mynethersdelight:recipes/building_blocks/crafting/letios_compost_from_bone_alt": {
    "criteria": {
      "has_bone_meal": "2025-06-06 16:23:46 +0800"
    },
    "done": true
  },
  "create:recipes/building_blocks/granite_from_stone_types_granite_stonecutting": {
    "criteria": {
      "has_stone_types_granite": "2025-06-06 16:23:46 +0800"
    },
    "done": true
  },
  "create:recipes/building_blocks/cut_granite_brick_slab_from_stone_types_granite_stonecutting": {
    "criteria": {
      "has_stone_types_granite": "2025-06-06 16:23:46 +0800"
    },
    "done": true
  },
  "minecraft:recipes/building_blocks/granite_slab_from_granite_stonecutting": {
    "criteria": {
      "has_granite": "2025-06-06 16:23:46 +0800"
    },
    "done": true
  },
  "minecraft:recipes/decorations/granite_wall_from_granite_stonecutting": {
    "criteria": {
      "has_granite": "2025-06-06 16:23:46 +0800"
    },
    "done": true
  },
  "create:recipes/building_blocks/small_granite_brick_stairs_from_stone_types_granite_stonecutting": {
    "criteria": {
      "has_stone_types_granite": "2025-06-06 16:23:46 +0800"
    },
    "done": true
  },
  "minecraft:recipes/building_blocks/granite_slab": {
    "criteria": {
      "has_granite": "2025-06-06 16:23:46 +0800"
    },
    "done": true
  },
  "create:recipes/building_blocks/cut_granite_from_stone_types_granite_stonecutting": {
    "criteria": {
      "has_stone_types_granite": "2025-06-06 16:23:46 +0800"
    },
    "done": true
  },
  "create:recipes/building_blocks/cut_granite_brick_stairs_from_stone_types_granite_stonecutting": {
    "criteria": {
      "has_stone_types_granite": "2025-06-06 16:23:46 +0800"
    },
    "done": true
  },
  "create:recipes/building_blocks/polished_cut_granite_from_stone_types_granite_stonecutting": {
    "criteria": {
      "has_stone_types_granite": "2025-06-06 16:23:46 +0800"
    },
    "done": true
  },
  "minecraft:recipes/building_blocks/polished_granite_stairs_from_granite_stonecutting": {
    "criteria": {
      "has_granite": "2025-06-06 16:23:46 +0800"
    },
    "done": true
  },
  "create:recipes/building_blocks/polished_cut_granite_slab_from_stone_types_granite_stonecutting": {
    "criteria": {
      "has_stone_types_granite": "2025-06-06 16:23:46 +0800"
    },
    "done": true
  },
  "create:recipes/building_blocks/cut_granite_wall_from_stone_types_granite_stonecutting": {
    "criteria": {
      "has_stone_types_granite": "2025-06-06 16:23:46 +0800"
    },
    "done": true
  },
  "create:recipes/building_blocks/small_granite_brick_slab_from_stone_types_granite_stonecutting": {
    "criteria": {
      "has_stone_types_granite": "2025-06-06 16:23:46 +0800"
    },
    "done": true
  },
  "minecraft:recipes/building_blocks/polished_granite": {
    "criteria": {
      "has_granite": "2025-06-06 16:23:46 +0800"
    },
    "done": true
  },
  "copycats:recipes/crafting/copycat_trapdoor_from_conversion": {
    "criteria": {
      "has_item": "2025-06-06 16:23:46 +0800"
    },
    "done": true
  },
  "create:recipes/building_blocks/cut_granite_slab_from_stone_types_granite_stonecutting": {
    "criteria": {
      "has_stone_types_granite": "2025-06-06 16:23:46 +0800"
    },
    "done": true
  },
  "minecraft:recipes/building_blocks/polished_granite_from_granite_stonecutting": {
    "criteria": {
      "has_granite": "2025-06-06 16:23:46 +0800"
    },
    "done": true
  },
  "minecraft:recipes/building_blocks/granite_stairs": {
    "criteria": {
      "has_granite": "2025-06-06 16:23:46 +0800"
    },
    "done": true
  },
  "minecraft:recipes/building_blocks/granite_stairs_from_granite_stonecutting": {
    "criteria": {
      "has_granite": "2025-06-06 16:23:46 +0800"
    },
    "done": true
  },
  "minecraft:recipes/decorations/granite_wall": {
    "criteria": {
      "has_granite": "2025-06-06 16:23:46 +0800"
    },
    "done": true
  },
  "minecraft:recipes/building_blocks/polished_granite_slab_from_granite_stonecutting": {
    "criteria": {
      "has_granite": "2025-06-06 16:23:46 +0800"
    },
    "done": true
  },
  "create:recipes/building_blocks/granite_pillar_from_stone_types_granite_stonecutting": {
    "criteria": {
      "has_stone_types_granite": "2025-06-06 16:23:46 +0800"
    },
    "done": true
  },
  "copycats:recipes/crafting/copycat_vertical_stairs_from_conversion": {
    "criteria": {
      "has_item": "2025-06-06 16:23:46 +0800"
    },
    "done": true
  },
  "create:recipes/building_blocks/polished_cut_granite_wall_from_stone_types_granite_stonecutting": {
    "criteria": {
      "has_stone_types_granite": "2025-06-06 16:23:46 +0800"
    },
    "done": true
  },
  "create:recipes/building_blocks/cut_granite_brick_wall_from_stone_types_granite_stonecutting": {
    "criteria": {
      "has_stone_types_granite": "2025-06-06 16:23:46 +0800"
    },
    "done": true
  },
  "create:recipes/building_blocks/polished_cut_granite_stairs_from_stone_types_granite_stonecutting": {
    "criteria": {
      "has_stone_types_granite": "2025-06-06 16:23:46 +0800"
    },
    "done": true
  },
  "create:recipes/building_blocks/layered_granite_from_stone_types_granite_stonecutting": {
    "criteria": {
      "has_stone_types_granite": "2025-06-06 16:23:46 +0800"
    },
    "done": true
  },
  "create:recipes/building_blocks/small_granite_brick_wall_from_stone_types_granite_stonecutting": {
    "criteria": {
      "has_stone_types_granite": "2025-06-06 16:23:46 +0800"
    },
    "done": true
  },
  "create:recipes/building_blocks/cut_granite_bricks_from_stone_types_granite_stonecutting": {
    "criteria": {
      "has_stone_types_granite": "2025-06-06 16:23:46 +0800"
    },
    "done": true
  },
  "create:recipes/building_blocks/cut_granite_stairs_from_stone_types_granite_stonecutting": {
    "criteria": {
      "has_stone_types_granite": "2025-06-06 16:23:46 +0800"
    },
    "done": true
  },
  "create:recipes/building_blocks/small_granite_bricks_from_stone_types_granite_stonecutting": {
    "criteria": {
      "has_stone_types_granite": "2025-06-06 16:23:46 +0800"
    },
    "done": true
  },
  "copycats:recipes/crafting/copycat_slab_from_panels": {
    "criteria": {
      "has_item": "2025-06-06 16:23:46 +0800"
    },
    "done": true
  },
  "supplementaries:recipes/netherite_trapdoor": {
    "criteria": {
      "has_gold_trapdoor": "2025-07-15 17:05:44 +0800"
    },
    "done": true
  },
  "minecraft:recipes/decorations/yellow_candle": {
    "criteria": {
      "has_yellow_dye": "2025-07-15 17:05:44 +0800"
    },
    "done": true
  },
  "createdeco:recipes/decorations/yellow_placard_from_dyeing": {
    "criteria": {
      "has_dye": "2025-07-15 17:05:44 +0800"
    },
    "done": true
  },
  "ad_astra:recipes/misc/small_black_industrial_lamp": {
    "criteria": {
      "has_small_black_industrial_lamp": "2025-07-15 17:05:44 +0800"
    },
    "done": true
  },
  "minecraft:recipes/misc/orange_dye_from_red_yellow": {
    "criteria": {
      "has_yellow_dye": "2025-07-15 17:05:44 +0800"
    },
    "done": true
  },
  "supplementaries:recipes/candle_holders/candle_holder_yellow_dye": {
    "criteria": {
      "forge:dyes/yellow": "2025-07-15 17:05:44 +0800"
    },
    "done": true
  },
  "ae2:recipes/misc/network/cables/glass_yellow": {
    "criteria": {
      "has_dyes/black": "2025-07-15 17:05:44 +0800"
    },
    "done": true
  },
  "minecraft:recipes/building_blocks/dye_yellow_carpet": {
    "criteria": {
      "has_needed_dye": "2025-07-15 17:05:44 +0800"
    },
    "done": true
  },
  "minecraft:recipes/decorations/yellow_stained_glass_pane_from_glass_pane": {
    "criteria": {
      "has_yellow_dye": "2025-07-15 17:05:44 +0800"
    },
    "done": true
  },
  "ae2:recipes/misc/network/cables/glass_black": {
    "criteria": {
      "has_dyes/black": "2025-07-15 17:05:44 +0800"
    },
    "done": true
  },
  "createdeco:recipes/decorations/brass_catwalk_stairs": {
    "criteria": {
      "has_item": "2025-07-15 17:05:44 +0800"
    },
    "done": true
  },
  "ad_astra:recipes/misc/yellow_industrial_lamp": {
    "criteria": {
      "has_yellow_industrial_lamp": "2025-07-15 17:05:44 +0800"
    },
    "done": true
  },
  "minecraft:recipes/decorations/black_stained_glass_pane_from_glass_pane": {
    "criteria": {
      "has_black_dye": "2025-07-15 17:05:44 +0800"
    },
    "done": true
  },
  "ad_astra:recipes/misc/small_yellow_industrial_lamp": {
    "criteria": {
      "has_small_yellow_industrial_lamp": "2025-07-15 17:05:44 +0800"
    },
    "done": true
  },
  "ae2:recipes/misc/network/cables/smart_yellow": {
    "criteria": {
      "has_dyes/black": "2025-07-15 17:05:44 +0800"
    },
    "done": true
  },
  "minecraft:recipes/misc/light_gray_dye_from_black_white_dye": {
    "criteria": {
      "has_black_dye": "2025-07-15 17:05:44 +0800"
    },
    "done": true
  },
  "minecraft:recipes/building_blocks/dye_yellow_bed": {
    "criteria": {
      "has_needed_dye": "2025-07-15 17:05:44 +0800"
    },
    "done": true
  },
  "supplementaries:recipes/candle_holders/candle_holder_black_dye": {
    "criteria": {
      "forge:dyes/black": "2025-07-15 17:05:44 +0800"
    },
    "done": true
  },
  "minecraft:recipes/misc/gold_ingot_from_gold_block": {
    "criteria": {
      "has_gold_block": "2025-07-15 17:05:44 +0800"
    },
    "done": true
  },
  "ad_astra:recipes/misc/black_industrial_lamp": {
    "criteria": {
      "has_black_industrial_lamp": "2025-07-15 17:05:44 +0800"
    },
    "done": true
  },
  "minecraft:recipes/building_blocks/dye_yellow_wool": {
    "criteria": {
      "has_needed_dye": "2025-07-15 17:05:44 +0800"
    },
    "done": true
  },
  "minecraft:recipes/building_blocks/dye_black_carpet": {
    "criteria": {
      "has_needed_dye": "2025-07-15 17:05:44 +0800"
    },
    "done": true
  },
  "ae2:recipes/misc/network/cables/dense_covered_yellow": {
    "criteria": {
      "has_dyes/black": "2025-07-15 17:05:44 +0800"
    },
    "done": true
  },
  "minecraft:recipes/building_blocks/dye_black_bed": {
    "criteria": {
      "has_needed_dye": "2025-07-15 17:05:44 +0800"
    },
    "done": true
  },
  "minecraft:recipes/misc/gray_dye": {
    "criteria": {
      "has_black_dye": "2025-07-15 17:05:44 +0800"
    },
    "done": true
  },
  "cmi:start": {
    "criteria": {
      "0": "2025-07-15 17:05:44 +0800"
    },
    "done": true
  },
  "createdeco:recipes/decorations/gold_coin": {
    "criteria": {
      "has_item": "2025-07-15 17:05:44 +0800"
    },
    "done": true
  },
  "ae2:recipes/misc/network/cables/dense_covered_black": {
    "criteria": {
      "has_dyes/black": "2025-07-15 17:05:44 +0800"
    },
    "done": true
  },
  "ae2:recipes/misc/network/cables/dense_smart_black": {
    "criteria": {
      "has_dyes/black": "2025-07-15 17:05:44 +0800"
    },
    "done": true
  },
  "createdeco:recipes/decorations/black_placard_from_dyeing": {
    "criteria": {
      "has_dye": "2025-07-15 17:05:44 +0800"
    },
    "done": true
  },
  "ae2:recipes/misc/network/cables/dense_smart_yellow": {
    "criteria": {
      "has_dyes/black": "2025-07-15 17:05:44 +0800"
    },
    "done": true
  },
  "ae2:recipes/misc/network/cables/smart_black": {
    "criteria": {
      "has_dyes/black": "2025-07-15 17:05:44 +0800"
    },
    "done": true
  },
  "minecraft:recipes/decorations/black_candle": {
    "criteria": {
      "has_black_dye": "2025-07-15 17:05:44 +0800"
    },
    "done": true
  },
  "minecraft:recipes/building_blocks/dye_black_wool": {
    "criteria": {
      "has_needed_dye": "2025-07-15 17:05:44 +0800"
    },
    "done": true
  },
  "create:recipes/misc/crafting/kinetics/spout": {
    "criteria": {
      "has_item": "2025-07-15 17:06:57 +0800"
    },
    "done": true
  },
  "create:recipes/misc/crafting/kinetics/portable_fluid_interface": {
    "criteria": {
      "has_item": "2025-07-15 17:06:57 +0800"
    },
    "done": true
  },
  "create_enchantment_industry:recipes/printer": {
    "criteria": {
      "has_item": "2025-07-15 17:06:57 +0800"
    },
    "done": true
  },
  "create_enchantment_industry:recipes/disenchanter": {
    "criteria": {
      "has_item": "2025-07-15 17:06:57 +0800"
    },
    "done": true
  },
  "create:recipes/misc/crafting/kinetics/copper_door": {
    "criteria": {
      "has_item": "2025-07-15 17:06:57 +0800"
    },
    "done": true
  },
  "create:recipes/misc/crafting/kinetics/item_drain": {
    "criteria": {
      "has_item": "2025-07-15 17:06:57 +0800"
    },
    "done": true
  },
  "sliceanddice:recipes/misc/sprinkler": {
    "criteria": {
      "has_pipe": "2025-07-15 17:13:02 +0800"
    },
    "done": true
  },
  "copycats:recipes/crafting/copycat_fluid_pipe": {
    "criteria": {
      "has_item": "2025-07-15 17:13:02 +0800"
    },
    "done": true
  },
  "createdeco:recipes/decorations/copper_catwalk_stairs": {
    "criteria": {
      "has_item": "2025-07-15 17:13:29 +0800"
    },
    "done": true
  },
  "sliceanddice:recipes/misc/slicer": {
    "criteria": {
      "has_tool": "2025-07-15 17:17:08 +0800"
    },
    "done": true
  },
  "create:recipes/misc/crafting/kinetics/gearboxfrom_conversion": {
    "criteria": {
      "has_item": "2025-07-15 17:21:28 +0800"
    },
    "done": true
  },
  "create:recipes/misc/crafting/kinetics/vertical_gearboxfrom_conversion": {
    "criteria": {
      "has_item": "2025-07-15 17:21:29 +0800"
    },
    "done": true
  },
  "create_connected:recipes/crafting/kinetics/six_way_gearbox_from_gearbox": {
    "criteria": {
      "has_item": "2025-07-15 17:21:29 +0800"
    },
    "done": true
  },
  "tconstruct:smeltery/melter": {
    "criteria": {
      "seared_faucet": "2025-07-15 17:25:39 +0800"
    },
    "done": false
  },
  "create_connected:recipes/crafting/kinetics/fluid_vessel_from_conversion": {
    "criteria": {
      "has_item": "2025-07-15 17:30:57 +0800"
    },
    "done": true
  },
  "railways:recipes/misc/crafting/fuel_tank": {
    "criteria": {
      "has_item": "2025-07-15 17:30:57 +0800"
    },
    "done": true
  },
  "ae2:recipes/misc/network/cables/dense_smart_white": {
    "criteria": {
      "has_dyes/black": "2025-07-15 17:33:35 +0800"
    },
    "done": true
  },
  "supplementaries:recipes/candle_holders/candle_holder_white_dye": {
    "criteria": {
      "forge:dyes/white": "2025-07-15 17:33:35 +0800"
    },
    "done": true
  },
  "minecraft:recipes/misc/lime_dye": {
    "criteria": {
      "has_white_dye": "2025-07-15 17:33:35 +0800"
    },
    "done": true
  },
  "ad_astra:recipes/misc/white_industrial_lamp": {
    "criteria": {
      "has_white_industrial_lamp": "2025-07-15 17:33:35 +0800"
    },
    "done": true
  },
  "supplementaries:recipes/blackboard": {
    "criteria": {
      "supplementaries:blackboard_white": "2025-07-15 17:33:35 +0800"
    },
    "done": true
  },
  "minecraft:recipes/building_blocks/dye_white_carpet": {
    "criteria": {
      "has_needed_dye": "2025-07-15 17:33:35 +0800"
    },
    "done": true
  },
  "ae2:recipes/misc/network/cables/glass_white": {
    "criteria": {
      "has_dyes/black": "2025-07-15 17:33:35 +0800"
    },
    "done": true
  },
  "minecraft:recipes/misc/pink_dye_from_red_white_dye": {
    "criteria": {
      "has_white_dye": "2025-07-15 17:33:35 +0800"
    },
    "done": true
  },
  "ad_astra:recipes/misc/small_white_industrial_lamp": {
    "criteria": {
      "has_small_white_industrial_lamp": "2025-07-15 17:33:35 +0800"
    },
    "done": true
  },
  "minecraft:recipes/building_blocks/dye_white_bed": {
    "criteria": {
      "has_needed_dye": "2025-07-15 17:33:35 +0800"
    },
    "done": true
  },
  "minecraft:recipes/misc/light_blue_dye_from_blue_white_dye": {
    "criteria": {
      "has_white_dye": "2025-07-15 17:33:35 +0800"
    },
    "done": true
  },
  "minecraft:recipes/misc/light_gray_dye_from_gray_white_dye": {
    "criteria": {
      "has_white_dye": "2025-07-15 17:33:35 +0800"
    },
    "done": true
  },
  "minecraft:recipes/misc/magenta_dye_from_blue_red_white_dye": {
    "criteria": {
      "has_white_dye": "2025-07-15 17:33:35 +0800"
    },
    "done": true
  },
  "ae2:recipes/misc/network/cables/smart_white": {
    "criteria": {
      "has_dyes/black": "2025-07-15 17:33:35 +0800"
    },
    "done": true
  },
  "minecraft:recipes/decorations/white_candle": {
    "criteria": {
      "has_white_dye": "2025-07-15 17:33:35 +0800"
    },
    "done": true
  },
  "ae2:recipes/misc/network/cables/dense_covered_white": {
    "criteria": {
      "has_dyes/black": "2025-07-15 17:33:35 +0800"
    },
    "done": true
  },
  "minecraft:recipes/decorations/white_stained_glass_pane_from_glass_pane": {
    "criteria": {
      "has_white_dye": "2025-07-15 17:33:35 +0800"
    },
    "done": true
  },
  "minecraft:recipes/building_blocks/dye_white_wool": {
    "criteria": {
      "has_needed_dye": "2025-07-15 17:33:35 +0800"
    },
    "done": true
  },
  "minecraft:recipes/misc/coal": {
    "criteria": {
      "has_coal_block": "2025-07-15 17:41:55 +0800"
    },
    "done": true
  },
  "minecraft:recipes/building_blocks/waxed_cut_copper_stairs_from_waxed_cut_copper_stonecutting": {
    "criteria": {
      "has_waxed_cut_copper": "2025-07-15 17:55:44 +0800"
    },
    "done": true
  },
  "minecraft:recipes/building_blocks/waxed_cut_copper_slab_from_waxed_cut_copper_stonecutting": {
    "criteria": {
      "has_waxed_cut_copper": "2025-07-15 17:55:44 +0800"
    },
    "done": true
  },
  "minecraft:recipes/building_blocks/waxed_cut_copper_stairs": {
    "criteria": {
      "has_waxed_cut_copper": "2025-07-15 17:55:44 +0800"
    },
    "done": true
  },
  "minecraft:recipes/building_blocks/waxed_cut_copper_slab": {
    "criteria": {
      "has_waxed_cut_copper": "2025-07-15 17:55:44 +0800"
    },
    "done": true
  },
  "create_connected:recipes/crafting/kinetics/brake": {
    "criteria": {
      "has_item": "2025-07-15 18:27:16 +0800"
    },
    "done": true
  },
  "minecraft:recipes/tools/flint_and_steel": {
    "criteria": {
      "has_obsidian": "2025-07-15 18:27:16 +0800"
    },
    "done": true
  },
  "minecraft:story/form_obsidian": {
    "criteria": {
      "obsidian": "2025-07-15 18:27:16 +0800"
    },
    "done": true
  },
  "minecraft:recipes/decorations/enchanting_table": {
    "criteria": {
      "has_obsidian": "2025-07-15 18:27:16 +0800"
    },
    "done": true
  },
  "minecraft:nether/explore_nether": {
    "criteria": {
      "minecraft:nether_wastes": "2025-07-15 18:27:32 +0800"
    },
    "done": false
  },
  "minecraft:story/enter_the_nether": {
    "criteria": {
      "entered_nether": "2025-07-15 18:27:32 +0800"
    },
    "done": true
  },
  "minecraft:nether/root": {
    "criteria": {
      "entered_nether": "2025-07-15 18:27:32 +0800"
    },
    "done": true
  },
  "minecraft:recipes/misc/nether_brick": {
    "criteria": {
      "has_netherrack": "2025-07-15 18:27:56 +0800"
    },
    "done": true
  },
  "minecraft:recipes/misc/diamond_from_blasting_diamond_ore": {
    "criteria": {
      "has_diamond_ore": "2025-07-15 18:30:06 +0800"
    },
    "done": true
  },
  "minecraft:recipes/misc/diamond_from_smelting_diamond_ore": {
    "criteria": {
      "has_diamond_ore": "2025-07-15 18:30:06 +0800"
    },
    "done": true
  },
  "minecraft:recipes/misc/quartz": {
    "criteria": {
      "has_nether_quartz_ore": "2025-07-15 18:30:27 +0800"
    },
    "done": true
  },
  "minecraft:recipes/misc/quartz_from_blasting": {
    "criteria": {
      "has_nether_quartz_ore": "2025-07-15 18:30:27 +0800"
    },
    "done": true
  },
  "minecraft:recipes/misc/copper_ingot_from_blasting_deepslate_copper_ore": {
    "criteria": {
      "has_deepslate_copper_ore": "2025-07-15 18:30:31 +0800"
    },
    "done": true
  },
  "minecraft:recipes/misc/copper_ingot_from_smelting_deepslate_copper_ore": {
    "criteria": {
      "has_deepslate_copper_ore": "2025-07-15 18:30:31 +0800"
    },
    "done": true
  },
  "minecraft:nether/obtain_crying_obsidian": {
    "criteria": {
      "crying_obsidian": "2025-07-15 18:35:04 +0800"
    },
    "done": true
  },
  "minecraft:recipes/decorations/respawn_anchor": {
    "criteria": {
      "has_obsidian": "2025-07-15 18:35:04 +0800"
    },
    "done": true
  },
  "minecraft:recipes/misc/emerald_from_blasting_emerald_ore": {
    "criteria": {
      "has_emerald_ore": "2025-07-15 18:35:08 +0800"
    },
    "done": true
  },
  "minecraft:recipes/misc/emerald_from_smelting_emerald_ore": {
    "criteria": {
      "has_emerald_ore": "2025-07-15 18:35:08 +0800"
    },
    "done": true
  },
  "minecraft:recipes/misc/lapis_lazuli_from_blasting_lapis_ore": {
    "criteria": {
      "has_lapis_ore": "2025-07-15 18:35:25 +0800"
    },
    "done": true
  },
  "minecraft:recipes/misc/lapis_lazuli_from_smelting_lapis_ore": {
    "criteria": {
      "has_lapis_ore": "2025-07-15 18:35:25 +0800"
    },
    "done": true
  },
  "minecraft:recipes/misc/diamond_from_smelting_deepslate_diamond_ore": {
    "criteria": {
      "has_deepslate_diamond_ore": "2025-07-15 18:35:30 +0800"
    },
    "done": true
  },
  "minecraft:recipes/misc/diamond_from_blasting_deepslate_diamond_ore": {
    "criteria": {
      "has_deepslate_diamond_ore": "2025-07-15 18:35:30 +0800"
    },
    "done": true
  },
  "ae2:main/facade": {
    "criteria": {
      "facade": "2025-07-15 18:39:19 +0800"
    },
    "done": true
  },
  "immersiveengineering:recipes/misc/crafting/voltmeter": {
    "criteria": {
      "has_compass": "2025-07-15 19:52:34 +0800"
    },
    "done": true
  },
  "naturescompass:natures_compass": {
    "criteria": {
      "has_compass": "2025-07-15 19:52:34 +0800"
    },
    "done": true
  },
  "minecraft:recipes/misc/map": {
    "criteria": {
      "has_compass": "2025-07-15 19:52:34 +0800"
    },
    "done": true
  },
  "create:recipes/decorations/brass_bars_from_ingots_brass_stonecutting": {
    "criteria": {
      "has_ingots_brass": "2025-07-15 22:40:02 +0800"
    },
    "done": true
  },
  "create:recipes/misc/crafting/kinetics/elevator_pulley": {
    "criteria": {
      "has_item": "2025-07-15 22:40:02 +0800"
    },
    "done": true
  },
  "create:recipes/decorations/brass_ladder_from_ingots_brass_stonecutting": {
    "criteria": {
      "has_ingots_brass": "2025-07-15 22:40:02 +0800"
    },
    "done": true
  },
  "createdeco:recipes/decorations/brass_catwalk_stairs_from_stonecutting": {
    "criteria": {
      "has_item": "2025-07-15 22:40:02 +0800"
    },
    "done": true
  },
  "create:recipes/misc/crafting/kinetics/placard": {
    "criteria": {
      "has_item": "2025-07-15 22:40:02 +0800"
    },
    "done": true
  },
  "createdeco:recipes/decorations/brass_bars": {
    "criteria": {
      "has_item": "2025-07-15 22:40:02 +0800"
    },
    "done": true
  },
  "create:recipes/misc/crafting/logistics/brass_tunnel": {
    "criteria": {
      "has_item": "2025-07-15 22:40:02 +0800"
    },
    "done": true
  },
  "create:recipes/misc/crafting/logistics/brass_funnel": {
    "criteria": {
      "has_item": "2025-07-15 22:40:02 +0800"
    },
    "done": true
  },
  "create:brass": {
    "criteria": {
      "0": "2025-07-15 22:40:02 +0800"
    },
    "done": true
  },
  "createdeco:recipes/decorations/brass_catwalk_railing_from_stonecutting": {
    "criteria": {
      "has_item": "2025-07-15 22:40:02 +0800"
    },
    "done": true
  },
  "createdeco:recipes/decorations/brass_bars_overlay_from_stonecutting": {
    "criteria": {
      "has_item": "2025-07-15 22:40:02 +0800"
    },
    "done": true
  },
  "createdeco:recipes/decorations/brass_bars_from_stonecutting": {
    "criteria": {
      "has_item": "2025-07-15 22:40:02 +0800"
    },
    "done": true
  },
  "create:recipes/misc/crafting/kinetics/brass_hand": {
    "criteria": {
      "has_item": "2025-07-15 22:40:02 +0800"
    },
    "done": true
  },
  "createdeco:recipes/building_blocks/brass_window": {
    "criteria": {
      "has_item": "2025-07-15 22:40:02 +0800"
    },
    "done": true
  },
  "create:recipes/misc/crafting/curiosities/peculiar_bell": {
    "criteria": {
      "has_item": "2025-07-15 22:40:02 +0800"
    },
    "done": true
  },
  "createdeco:recipes/decorations/brass_catwalk_from_stonecutting": {
    "criteria": {
      "has_item": "2025-07-15 22:40:02 +0800"
    },
    "done": true
  },
  "createdeco:recipes/decorations/brass_door": {
    "criteria": {
      "has_item": "2025-07-15 22:40:02 +0800"
    },
    "done": true
  },
  "createdeco:recipes/decorations/brass_mesh_fence_from_stonecutting": {
    "criteria": {
      "has_item": "2025-07-15 22:40:02 +0800"
    },
    "done": true
  },
  "create:recipes/misc/crafting/kinetics/attribute_filter": {
    "criteria": {
      "has_item": "2025-07-15 22:40:02 +0800"
    },
    "done": true
  },
  "create:recipes/misc/crafting/materials/brass_block_from_compacting": {
    "criteria": {
      "has_item": "2025-07-15 22:40:02 +0800"
    },
    "done": true
  },
  "createdeco:recipes/decorations/brass_support": {
    "criteria": {
      "has_item": "2025-07-15 22:40:02 +0800"
    },
    "done": true
  },
  "createdeco:recipes/decorations/brass_support_wedge_from_stonecutting": {
    "criteria": {
      "has_item": "2025-07-15 22:40:02 +0800"
    },
    "done": true
  },
  "create:recipes/decorations/brass_scaffolding_from_ingots_brass_stonecutting": {
    "criteria": {
      "has_ingots_brass": "2025-07-15 22:40:02 +0800"
    },
    "done": true
  },
  "create:recipes/misc/crafting/materials/brass_nugget_from_decompacting": {
    "criteria": {
      "has_item": "2025-07-15 22:40:02 +0800"
    },
    "done": true
  },
  "create:recipes/misc/crafting/kinetics/flywheel": {
    "criteria": {
      "has_item": "2025-07-15 22:40:02 +0800"
    },
    "done": true
  },
  "createdeco:recipes/decorations/brass_trapdoor": {
    "criteria": {
      "has_item": "2025-07-15 22:40:02 +0800"
    },
    "done": true
  },
  "minecraft:recipes/building_blocks/polished_blackstone_stairs": {
    "criteria": {
      "has_polished_blackstone": "2025-07-15 22:41:02 +0800"
    },
    "done": true
  },
  "minecraft:recipes/building_blocks/polished_blackstone_brick_stairs_from_polished_blackstone_stonecutting": {
    "criteria": {
      "has_polished_blackstone": "2025-07-15 22:41:02 +0800"
    },
    "done": true
  },
  "minecraft:recipes/redstone/polished_blackstone_button": {
    "criteria": {
      "has_polished_blackstone": "2025-07-15 22:41:02 +0800"
    },
    "done": true
  },
  "minecraft:recipes/building_blocks/polished_blackstone_slab": {
    "criteria": {
      "has_polished_blackstone": "2025-07-15 22:41:02 +0800"
    },
    "done": true
  },
  "minecraft:recipes/building_blocks/polished_blackstone_bricks_from_polished_blackstone_stonecutting": {
    "criteria": {
      "has_polished_blackstone": "2025-07-15 22:41:02 +0800"
    },
    "done": true
  },
  "minecraft:recipes/building_blocks/chiseled_polished_blackstone_from_polished_blackstone_stonecutting": {
    "criteria": {
      "has_polished_blackstone": "2025-07-15 22:41:02 +0800"
    },
    "done": true
  },
  "minecraft:recipes/building_blocks/polished_blackstone_stairs_from_polished_blackstone_stonecutting": {
    "criteria": {
      "has_polished_blackstone": "2025-07-15 22:41:02 +0800"
    },
    "done": true
  },
  "minecraft:recipes/decorations/polished_blackstone_wall_from_polished_blackstone_stonecutting": {
    "criteria": {
      "has_polished_blackstone": "2025-07-15 22:41:02 +0800"
    },
    "done": true
  },
  "minecraft:recipes/building_blocks/polished_blackstone_brick_slab_from_polished_blackstone_stonecutting": {
    "criteria": {
      "has_polished_blackstone": "2025-07-15 22:41:02 +0800"
    },
    "done": true
  },
  "minecraft:recipes/decorations/polished_blackstone_brick_wall_from_polished_blackstone_stonecutting": {
    "criteria": {
      "has_polished_blackstone": "2025-07-15 22:41:02 +0800"
    },
    "done": true
  },
  "minecraft:recipes/building_blocks/polished_blackstone_slab_from_polished_blackstone_stonecutting": {
    "criteria": {
      "has_polished_blackstone": "2025-07-15 22:41:02 +0800"
    },
    "done": true
  },
  "minecraft:recipes/building_blocks/polished_blackstone_bricks": {
    "criteria": {
      "has_polished_blackstone": "2025-07-15 22:41:02 +0800"
    },
    "done": true
  },
  "minecraft:recipes/redstone/polished_blackstone_pressure_plate": {
    "criteria": {
      "has_polished_blackstone": "2025-07-15 22:41:02 +0800"
    },
    "done": true
  },
  "minecraft:recipes/decorations/polished_blackstone_wall": {
    "criteria": {
      "has_polished_blackstone": "2025-07-15 22:41:02 +0800"
    },
    "done": true
  },
  "copycats:recipes/crafting/copycat_block_from_slabs": {
    "criteria": {
      "has_item": "2025-07-15 22:46:41 +0800"
    },
    "done": true
  },
  "create:track_0": {
    "criteria": {
      "0": "2025-07-15 22:48:37 +0800"
    },
    "done": true
  },
  "minecraft:recipes/decorations/blue_stained_glass_pane_from_glass_pane": {
    "criteria": {
      "has_blue_dye": "2025-07-19 17:10:50 +0800"
    },
    "done": true
  },
  "minecraft:recipes/misc/magenta_dye_from_blue_red_pink": {
    "criteria": {
      "has_blue_dye": "2025-07-19 17:10:50 +0800"
    },
    "done": true
  },
  "ae2:recipes/misc/network/cables/smart_gray": {
    "criteria": {
      "has_dyes/black": "2025-07-19 17:10:50 +0800"
    },
    "done": true
  },
  "ad_astra:recipes/misc/green_industrial_lamp": {
    "criteria": {
      "has_green_industrial_lamp": "2025-07-19 17:10:50 +0800"
    },
    "done": true
  },
  "minecraft:recipes/decorations/light_blue_stained_glass_pane_from_glass_pane": {
    "criteria": {
      "has_light_blue_dye": "2025-07-19 17:10:50 +0800"
    },
    "done": true
  },
  "createdeco:recipes/decorations/gray_placard_from_dyeing": {
    "criteria": {
      "has_dye": "2025-07-19 17:10:50 +0800"
    },
    "done": true
  },
  "minecraft:recipes/decorations/gray_candle": {
    "criteria": {
      "has_gray_dye": "2025-07-19 17:10:50 +0800"
    },
    "done": true
  },
  "minecraft:recipes/building_blocks/dye_blue_wool": {
    "criteria": {
      "has_needed_dye": "2025-07-19 17:10:50 +0800"
    },
    "done": true
  },
  "immersiveengineering:recipes/misc/crafting/thermoelectric_generator": {
    "criteria": {
      "has_coil_lv": "2025-07-19 17:10:50 +0800"
    },
    "done": true
  },
  "minecraft:recipes/decorations/cyan_candle": {
    "criteria": {
      "has_cyan_dye": "2025-07-19 17:10:50 +0800"
    },
    "done": true
  },
  "ad_astra:recipes/misc/cyan_industrial_lamp": {
    "criteria": {
      "has_cyan_industrial_lamp": "2025-07-19 17:10:50 +0800"
    },
    "done": true
  },
  "supplementaries:recipes/candle_holders/candle_holder_gray_dye": {
    "criteria": {
      "forge:dyes/gray": "2025-07-19 17:10:50 +0800"
    },
    "done": true
  },
  "immersiveengineering:recipes/misc/crafting/furnace_heater": {
    "criteria": {
      "has_coil_lv": "2025-07-19 17:10:50 +0800"
    },
    "done": true
  },
  "supplementaries:recipes/candle_holders/candle_holder_cyan_dye": {
    "criteria": {
      "forge:dyes/cyan": "2025-07-19 17:10:50 +0800"
    },
    "done": true
  },
  "immersiveengineering:recipes/misc/crafting/sample_drill": {
    "criteria": {
      "has_light_engineering": "2025-07-19 17:10:50 +0800"
    },
    "done": true
  },
  "ae2:recipes/misc/network/cables/glass_cyan": {
    "criteria": {
      "has_dyes/black": "2025-07-19 17:10:50 +0800"
    },
    "done": true
  },
  "minecraft:recipes/building_blocks/dye_blue_bed": {
    "criteria": {
      "has_needed_dye": "2025-07-19 17:10:50 +0800"
    },
    "done": true
  },
  "ae2:recipes/misc/network/cables/dense_smart_gray": {
    "criteria": {
      "has_dyes/black": "2025-07-19 17:10:50 +0800"
    },
    "done": true
  },
  "ae2:recipes/misc/network/cables/glass_green": {
    "criteria": {
      "has_dyes/black": "2025-07-19 17:10:50 +0800"
    },
    "done": true
  },
  "ae2:recipes/misc/network/cables/glass_light_blue": {
    "criteria": {
      "has_dyes/black": "2025-07-19 17:10:50 +0800"
    },
    "done": true
  },
  "minecraft:recipes/decorations/blue_candle": {
    "criteria": {
      "has_blue_dye": "2025-07-19 17:10:50 +0800"
    },
    "done": true
  },
  "ad_astra:recipes/misc/small_cyan_industrial_lamp": {
    "criteria": {
      "has_small_cyan_industrial_lamp": "2025-07-19 17:10:50 +0800"
    },
    "done": true
  },
  "ad_astra:recipes/misc/small_blue_industrial_lamp": {
    "criteria": {
      "has_small_blue_industrial_lamp": "2025-07-19 17:10:50 +0800"
    },
    "done": true
  },
  "minecraft:recipes/building_blocks/dye_green_bed": {
    "criteria": {
      "has_needed_dye": "2025-07-19 17:10:50 +0800"
    },
    "done": true
  },
  "ae2:recipes/misc/network/cables/dense_covered_blue": {
    "criteria": {
      "has_dyes/black": "2025-07-19 17:10:50 +0800"
    },
    "done": true
  },
  "minecraft:recipes/decorations/green_stained_glass_pane_from_glass_pane": {
    "criteria": {
      "has_green_dye": "2025-07-19 17:10:50 +0800"
    },
    "done": true
  },
  "supplementaries:recipes/candle_holders/candle_holder_green_dye": {
    "criteria": {
      "forge:dyes/green": "2025-07-19 17:10:50 +0800"
    },
    "done": true
  },
  "ae2:recipes/misc/network/cables/dense_smart_cyan": {
    "criteria": {
      "has_dyes/black": "2025-07-19 17:10:50 +0800"
    },
    "done": true
  },
  "ae2:recipes/misc/network/cables/smart_cyan": {
    "criteria": {
      "has_dyes/black": "2025-07-19 17:10:50 +0800"
    },
    "done": true
  },
  "minecraft:recipes/misc/purple_dye": {
    "criteria": {
      "has_blue_dye": "2025-07-19 17:10:50 +0800"
    },
    "done": true
  },
  "minecraft:recipes/building_blocks/dye_light_blue_bed": {
    "criteria": {
      "has_needed_dye": "2025-07-19 17:10:50 +0800"
    },
    "done": true
  },
  "ae2:recipes/misc/network/cables/glass_gray": {
    "criteria": {
      "has_dyes/black": "2025-07-19 17:10:50 +0800"
    },
    "done": true
  },
  "supplementaries:recipes/candle_holders/candle_holder_light_blue_dye": {
    "criteria": {
      "forge:dyes/light_blue": "2025-07-19 17:10:50 +0800"
    },
    "done": true
  },
  "minecraft:recipes/building_blocks/dye_light_blue_carpet": {
    "criteria": {
      "has_needed_dye": "2025-07-19 17:10:50 +0800"
    },
    "done": true
  },
  "supplementaries:recipes/candle_holders/candle_holder_blue_dye": {
    "criteria": {
      "forge:dyes/blue": "2025-07-19 17:10:50 +0800"
    },
    "done": true
  },
  "ae2:recipes/misc/network/cables/dense_covered_light_blue": {
    "criteria": {
      "has_dyes/black": "2025-07-19 17:10:50 +0800"
    },
    "done": true
  },
  "minecraft:recipes/building_blocks/dye_gray_wool": {
    "criteria": {
      "has_needed_dye": "2025-07-19 17:10:50 +0800"
    },
    "done": true
  },
  "minecraft:recipes/building_blocks/dye_gray_bed": {
    "criteria": {
      "has_needed_dye": "2025-07-19 17:10:50 +0800"
    },
    "done": true
  },
  "immersiveengineering:recipes/misc/crafting/turntable": {
    "criteria": {
      "has_coil_lv": "2025-07-19 17:10:50 +0800"
    },
    "done": true
  },
  "ae2:recipes/misc/network/cables/glass_blue": {
    "criteria": {
      "has_dyes/black": "2025-07-19 17:10:50 +0800"
    },
    "done": true
  },
  "createdeco:recipes/decorations/cyan_placard_from_dyeing": {
    "criteria": {
      "has_dye": "2025-07-19 17:10:50 +0800"
    },
    "done": true
  },
  "createdeco:recipes/decorations/green_placard_from_dyeing": {
    "criteria": {
      "has_dye": "2025-07-19 17:10:50 +0800"
    },
    "done": true
  },
  "minecraft:recipes/building_blocks/dye_cyan_bed": {
    "criteria": {
      "has_needed_dye": "2025-07-19 17:10:50 +0800"
    },
    "done": true
  },
  "ae2:recipes/misc/network/cables/dense_smart_blue": {
    "criteria": {
      "has_dyes/black": "2025-07-19 17:10:50 +0800"
    },
    "done": true
  },
  "ae2:recipes/misc/network/cables/smart_blue": {
    "criteria": {
      "has_dyes/black": "2025-07-19 17:10:50 +0800"
    },
    "done": true
  },
  "minecraft:recipes/decorations/green_candle": {
    "criteria": {
      "has_green_dye": "2025-07-19 17:10:50 +0800"
    },
    "done": true
  },
  "minecraft:recipes/decorations/gray_stained_glass_pane_from_glass_pane": {
    "criteria": {
      "has_gray_dye": "2025-07-19 17:10:50 +0800"
    },
    "done": true
  },
  "minecraft:recipes/building_blocks/dye_blue_carpet": {
    "criteria": {
      "has_needed_dye": "2025-07-19 17:10:50 +0800"
    },
    "done": true
  },
  "ad_astra:recipes/misc/blue_industrial_lamp": {
    "criteria": {
      "has_blue_industrial_lamp": "2025-07-19 17:10:50 +0800"
    },
    "done": true
  },
  "ae2:recipes/misc/network/cables/dense_covered_gray": {
    "criteria": {
      "has_dyes/black": "2025-07-19 17:10:50 +0800"
    },
    "done": true
  },
  "ae2:recipes/misc/network/cables/dense_smart_light_blue": {
    "criteria": {
      "has_dyes/black": "2025-07-19 17:10:50 +0800"
    },
    "done": true
  },
  "ad_astra:recipes/misc/small_green_industrial_lamp": {
    "criteria": {
      "has_small_green_industrial_lamp": "2025-07-19 17:10:50 +0800"
    },
    "done": true
  },
  "minecraft:recipes/building_blocks/dye_green_carpet": {
    "criteria": {
      "has_needed_dye": "2025-07-19 17:10:50 +0800"
    },
    "done": true
  },
  "ae2:recipes/misc/network/cables/smart_light_blue": {
    "criteria": {
      "has_dyes/black": "2025-07-19 17:10:50 +0800"
    },
    "done": true
  },
  "minecraft:recipes/building_blocks/dye_green_wool": {
    "criteria": {
      "has_needed_dye": "2025-07-19 17:10:50 +0800"
    },
    "done": true
  },
  "minecraft:recipes/decorations/light_blue_candle": {
    "criteria": {
      "has_light_blue_dye": "2025-07-19 17:10:50 +0800"
    },
    "done": true
  },
  "createdeco:recipes/decorations/light_blue_placard_from_dyeing": {
    "criteria": {
      "has_dye": "2025-07-19 17:10:50 +0800"
    },
    "done": true
  },
  "immersiveengineering:recipes/misc/crafting/dynamo": {
    "criteria": {
      "has_coil_lv": "2025-07-19 17:10:50 +0800"
    },
    "done": true
  },
  "minecraft:recipes/misc/cyan_dye": {
    "criteria": {
      "has_green_dye": "2025-07-19 17:10:50 +0800"
    },
    "done": true
  },
  "ad_astra:recipes/misc/light_blue_industrial_lamp": {
    "criteria": {
      "has_light_blue_industrial_lamp": "2025-07-19 17:10:50 +0800"
    },
    "done": true
  },
  "minecraft:recipes/building_blocks/dye_cyan_wool": {
    "criteria": {
      "has_needed_dye": "2025-07-19 17:10:50 +0800"
    },
    "done": true
  },
  "ae2:recipes/misc/network/cables/dense_covered_cyan": {
    "criteria": {
      "has_dyes/black": "2025-07-19 17:10:50 +0800"
    },
    "done": true
  },
  "createdeco:recipes/decorations/blue_placard_from_dyeing": {
    "criteria": {
      "has_dye": "2025-07-19 17:10:50 +0800"
    },
    "done": true
  },
  "ae2:recipes/misc/network/cables/dense_covered_green": {
    "criteria": {
      "has_dyes/black": "2025-07-19 17:10:50 +0800"
    },
    "done": true
  },
  "ad_astra:recipes/misc/small_gray_industrial_lamp": {
    "criteria": {
      "has_small_gray_industrial_lamp": "2025-07-19 17:10:50 +0800"
    },
    "done": true
  },
  "ad_astra:recipes/misc/gray_industrial_lamp": {
    "criteria": {
      "has_gray_industrial_lamp": "2025-07-19 17:10:50 +0800"
    },
    "done": true
  },
  "minecraft:recipes/building_blocks/dye_gray_carpet": {
    "criteria": {
      "has_needed_dye": "2025-07-19 17:10:50 +0800"
    },
    "done": true
  },
  "ae2:recipes/misc/network/cables/dense_smart_green": {
    "criteria": {
      "has_dyes/black": "2025-07-19 17:10:50 +0800"
    },
    "done": true
  },
  "minecraft:recipes/building_blocks/dye_light_blue_wool": {
    "criteria": {
      "has_needed_dye": "2025-07-19 17:10:50 +0800"
    },
    "done": true
  },
  "ad_astra:recipes/misc/small_light_blue_industrial_lamp": {
    "criteria": {
      "has_small_light_blue_industrial_lamp": "2025-07-19 17:10:50 +0800"
    },
    "done": true
  },
  "ae2:recipes/misc/network/cables/smart_green": {
    "criteria": {
      "has_dyes/black": "2025-07-19 17:10:50 +0800"
    },
    "done": true
  },
  "minecraft:recipes/decorations/cyan_stained_glass_pane_from_glass_pane": {
    "criteria": {
      "has_cyan_dye": "2025-07-19 17:10:50 +0800"
    },
    "done": true
  },
  "minecraft:recipes/building_blocks/dye_cyan_carpet": {
    "criteria": {
      "has_needed_dye": "2025-07-19 17:10:50 +0800"
    },
    "done": true
  },
  "immersiveengineering:recipes/misc/crafting/charging_station": {
    "criteria": {
      "has_coil_lv": "2025-07-19 17:10:50 +0800"
    },
    "done": true
  },
  "immersiveengineering:recipes/misc/crafting/blastbrick_reinforced_to_slab": {
    "criteria": {
      "has_blastbrick_reinforced": "2025-07-19 17:12:29 +0800"
    },
    "done": true
  },
  "immersiveengineering:recipes/misc/crafting/blastbrick_reinforced_from_slab": {
    "criteria": {
      "has_blastbrick_reinforced": "2025-07-19 17:12:29 +0800"
    },
    "done": true
  },
  "immersiveengineering:recipes/misc/crafting/survey_tools": {
    "criteria": {
      "has_hammer": "2025-07-19 17:12:36 +0800"
    },
    "done": true
  },
  "immersiveengineering:main/craft_hammer": {
    "criteria": {
      "has_item": "2025-07-19 17:12:36 +0800"
    },
    "done": true
  },
  "immersiveengineering:multiblocks/mb_arcfurnace": {
    "criteria": {
      "form_multiblock": "2025-07-19 17:12:37 +0800"
    },
    "done": true
  },
  "minecraft:recipes/building_blocks/chiseled_nether_bricks_from_nether_bricks_stonecutting": {
    "criteria": {
      "has_nether_bricks": "2025-07-19 17:20:32 +0800"
    },
    "done": true
  },
  "mynethersdelight:recipes/building_blocks/stonecutting/red_nether_bricks_cabinet": {
    "criteria": {
      "has_nether_bricks": "2025-07-19 17:20:32 +0800"
    },
    "done": true
  },
  "minecraft:recipes/building_blocks/nether_brick_stairs_from_nether_bricks_stonecutting": {
    "criteria": {
      "has_nether_bricks": "2025-07-19 17:20:32 +0800"
    },
    "done": true
  },
  "minecraft:recipes/decorations/nether_brick_fence": {
    "criteria": {
      "has_nether_bricks": "2025-07-19 17:20:32 +0800"
    },
    "done": true
  },
  "minecraft:recipes/building_blocks/cracked_nether_bricks": {
    "criteria": {
      "has_nether_bricks": "2025-07-19 17:20:32 +0800"
    },
    "done": true
  },
  "minecraft:recipes/building_blocks/nether_brick_slab_from_nether_bricks_stonecutting": {
    "criteria": {
      "has_nether_bricks": "2025-07-19 17:20:32 +0800"
    },
    "done": true
  },
  "mynethersdelight:recipes/building_blocks/stonecutting/nether_bricks_cabinet": {
    "criteria": {
      "has_nether_bricks": "2025-07-19 17:20:32 +0800"
    },
    "done": true
  },
  "minecraft:recipes/decorations/nether_brick_wall_from_nether_bricks_stonecutting": {
    "criteria": {
      "has_nether_bricks": "2025-07-19 17:20:32 +0800"
    },
    "done": true
  },
  "minecraft:recipes/decorations/nether_brick_wall": {
    "criteria": {
      "has_nether_bricks": "2025-07-19 17:20:32 +0800"
    },
    "done": true
  },
  "minecraft:recipes/building_blocks/nether_brick_stairs": {
    "criteria": {
      "has_nether_bricks": "2025-07-19 17:20:32 +0800"
    },
    "done": true
  },
  "minecraft:recipes/building_blocks/nether_brick_slab": {
    "criteria": {
      "has_nether_bricks": "2025-07-19 17:20:32 +0800"
    },
    "done": true
  },
  "minecraft:recipes/building_blocks/chiseled_nether_bricks": {
    "criteria": {
      "has_nether_brick_slab": "2025-07-19 17:21:13 +0800"
    },
    "done": true
  },
  "minecraft:story/lava_bucket": {
    "criteria": {
      "lava_bucket": "2025-07-19 17:22:39 +0800"
    },
    "done": true
  },
  "mynethersdelight:recipes/cooking/hotcream": {
    "criteria": {
      "has_any_ingredient": "2025-07-19 17:22:39 +0800"
    },
    "done": true
  },
  "createdeco:recipes/decorations/industrial_iron_catwalk_stairs": {
    "criteria": {
      "has_item": "2025-07-19 17:24:03 +0800"
    },
    "done": true
  },
  "create:recipes/misc/crafting/logistics/content_observer": {
    "criteria": {
      "has_item": "2025-07-19 17:29:08 +0800"
    },
    "done": true
  },
  "create:recipes/misc/crafting/logistics/display_link": {
    "criteria": {
      "has_item": "2025-07-19 17:29:08 +0800"
    },
    "done": true
  },
  "create:recipes/misc/crafting/logistics/redstone_contact": {
    "criteria": {
      "has_item": "2025-07-19 17:29:08 +0800"
    },
    "done": true
  },
  "create:recipes/misc/crafting/kinetics/clockwork_bearing": {
    "criteria": {
      "has_item": "2025-07-19 17:29:08 +0800"
    },
    "done": true
  },
  "create:recipes/misc/crafting/kinetics/rotation_speed_controller": {
    "criteria": {
      "has_item": "2025-07-19 17:29:08 +0800"
    },
    "done": true
  },
  "create:recipes/misc/crafting/kinetics/mechanical_arm": {
    "criteria": {
      "has_item": "2025-07-19 17:29:08 +0800"
    },
    "done": true
  },
  "create:recipes/misc/crafting/kinetics/mechanical_crafter": {
    "criteria": {
      "has_item": "2025-07-19 17:29:08 +0800"
    },
    "done": true
  },
  "create:recipes/misc/crafting/logistics/redstone_link": {
    "criteria": {
      "has_item": "2025-07-19 17:29:08 +0800"
    },
    "done": true
  },
  "create:recipes/misc/crafting/kinetics/brass_door": {
    "criteria": {
      "has_item": "2025-07-19 17:29:08 +0800"
    },
    "done": true
  },
  "create:recipes/misc/crafting/logistics/stockpile_switch": {
    "criteria": {
      "has_item": "2025-07-19 17:29:08 +0800"
    },
    "done": true
  },
  "create:recipes/misc/crafting/kinetics/sequenced_gearshift": {
    "criteria": {
      "has_item": "2025-07-19 17:29:08 +0800"
    },
    "done": true
  },
  "create:recipes/misc/crafting/kinetics/nixie_tube": {
    "criteria": {
      "has_item": "2025-07-19 17:29:08 +0800"
    },
    "done": true
  },
  "tconstruct:recipes/misc/common/materials/raw_cobalt_from_raw_block": {
    "criteria": {
      "has_item": "2025-07-19 17:34:32 +0800"
    },
    "done": true
  },
  "DataVersion": 3465
}