{
  "credit": "Made with Blockbench",
  "parent": "minecraft:block/cube_all",
  "textures": {
    "0": "ae2:block/sky_stone_tank",
    "particle": "ae2:block/sky_stone_tank"
  },
  "render_type": "cutout",
  "elements": [
    {
      "from": [0, 0, 15],
      "to": [16, 2, 16],
      "faces": {
        "north": { "uv": [16, 14, 0, 16], "texture": "#0" },
        "east": { "uv": [15, 14, 16, 16], "texture": "#0", "cullface": "east" },
        "south": {
          "uv": [0, 14, 16, 16],
          "texture": "#0",
          "cullface": "south"
        },
        "west": { "uv": [0, 14, 1, 16], "texture": "#0", "cullface": "west" },
        "up": { "uv": [0, 14, 16, 15], "texture": "#0" },
        "down": { "uv": [0, 15, 16, 16], "texture": "#0", "cullface": "down" }
      }
    },
    {
      "from": [0, 14, 15],
      "to": [16, 16, 16],
      "faces": {
        "north": { "uv": [16, 0, 0, 2], "texture": "#0" },
        "east": { "uv": [15, 0, 16, 2], "texture": "#0", "cullface": "east" },
        "south": { "uv": [0, 0, 16, 2], "texture": "#0", "cullface": "south" },
        "west": { "uv": [0, 0, 1, 2], "texture": "#0", "cullface": "west" },
        "up": { "uv": [0, 0, 16, 1], "texture": "#0", "cullface": "up" },
        "down": { "uv": [0, 1, 16, 2], "texture": "#0" }
      }
    },
    {
      "from": [0, 2, 15],
      "to": [2, 14, 16],
      "faces": {
        "north": { "uv": [2, 2, 0, 14], "texture": "#0" },
        "east": { "uv": [1, 2, 2, 14], "texture": "#0" },
        "south": { "uv": [0, 2, 2, 14], "texture": "#0", "cullface": "south" },
        "west": { "uv": [0, 2, 1, 14], "texture": "#0", "cullface": "west" }
      }
    },
    {
      "from": [14, 2, 15],
      "to": [16, 14, 16],
      "faces": {
        "north": { "uv": [16, 2, 14, 14], "texture": "#0" },
        "east": { "uv": [15, 2, 16, 14], "texture": "#0", "cullface": "east" },
        "south": {
          "uv": [14, 2, 16, 14],
          "texture": "#0",
          "cullface": "south"
        },
        "west": { "uv": [14, 2, 15, 14], "texture": "#0" }
      }
    },
    {
      "from": [2, 2, 15],
      "to": [14, 14, 15],
      "faces": {
        "north": { "uv": [14, 2, 2, 14], "texture": "#0" },
        "south": { "uv": [2, 2, 14, 14], "texture": "#0" }
      }
    },
    {
      "from": [0, 0, 0],
      "to": [16, 2, 1],
      "rotation": { "angle": 0, "axis": "y", "origin": [0, 0, 16] },
      "faces": {
        "north": {
          "uv": [16, 14, 0, 16],
          "texture": "#0",
          "cullface": "north"
        },
        "east": { "uv": [16, 14, 15, 16], "texture": "#0", "cullface": "east" },
        "south": { "uv": [0, 14, 16, 16], "texture": "#0" },
        "west": { "uv": [1, 14, 0, 16], "texture": "#0", "cullface": "west" },
        "up": { "uv": [0, 15, 16, 14], "texture": "#0" },
        "down": { "uv": [0, 16, 16, 15], "texture": "#0", "cullface": "down" }
      }
    },
    {
      "from": [0, 14, 0],
      "to": [16, 16, 1],
      "rotation": { "angle": 0, "axis": "y", "origin": [0, 0, 16] },
      "faces": {
        "north": { "uv": [16, 0, 0, 2], "texture": "#0", "cullface": "north" },
        "east": { "uv": [16, 0, 15, 2], "texture": "#0", "cullface": "east" },
        "south": { "uv": [0, 0, 16, 2], "texture": "#0" },
        "west": { "uv": [1, 0, 0, 2], "texture": "#0", "cullface": "west" },
        "up": { "uv": [0, 1, 16, 0], "texture": "#0", "cullface": "up" },
        "down": { "uv": [0, 2, 16, 1], "texture": "#0" }
      }
    },
    {
      "from": [0, 2, 0],
      "to": [2, 14, 1],
      "rotation": { "angle": 0, "axis": "y", "origin": [0, 0, 16] },
      "faces": {
        "north": { "uv": [2, 2, 0, 14], "texture": "#0", "cullface": "north" },
        "east": { "uv": [2, 2, 1, 14], "texture": "#0" },
        "south": { "uv": [0, 2, 2, 14], "texture": "#0" },
        "west": { "uv": [1, 2, 0, 14], "texture": "#0", "cullface": "west" }
      }
    },
    {
      "from": [14, 2, 0],
      "to": [16, 14, 1],
      "rotation": { "angle": 0, "axis": "y", "origin": [0, 0, 16] },
      "faces": {
        "north": {
          "uv": [16, 2, 14, 14],
          "texture": "#0",
          "cullface": "north"
        },
        "east": { "uv": [16, 2, 15, 14], "texture": "#0", "cullface": "east" },
        "south": { "uv": [14, 2, 16, 14], "texture": "#0" },
        "west": { "uv": [15, 2, 14, 14], "texture": "#0" }
      }
    },
    {
      "from": [2, 2, 1],
      "to": [14, 14, 1],
      "rotation": { "angle": 0, "axis": "y", "origin": [0, 0, 16] },
      "faces": {
        "north": { "uv": [14, 2, 2, 14], "texture": "#0" },
        "south": { "uv": [2, 2, 14, 14], "texture": "#0" }
      }
    },
    {
      "from": [15, 2, 2],
      "to": [15, 14, 14],
      "rotation": { "angle": 0, "axis": "y", "origin": [16, 0, 0] },
      "faces": {
        "east": { "uv": [14, 2, 2, 14], "texture": "#0" },
        "west": { "uv": [2, 2, 14, 14], "texture": "#0" }
      }
    },
    {
      "from": [15, 14, 1],
      "to": [16, 16, 15],
      "faces": {
        "east": { "uv": [15, 0, 1, 2], "texture": "#0", "cullface": "east" },
        "west": { "uv": [1, 0, 15, 2], "texture": "#0" },
        "up": {
          "uv": [1, 0, 15, 1],
          "rotation": 90,
          "texture": "#0",
          "cullface": "up"
        },
        "down": { "uv": [15, 1, 1, 2], "rotation": 90, "texture": "#0" }
      }
    },
    {
      "from": [15, 0, 1],
      "to": [16, 2, 15],
      "faces": {
        "east": { "uv": [15, 14, 1, 16], "texture": "#0", "cullface": "east" },
        "west": { "uv": [1, 14, 15, 16], "texture": "#0" },
        "up": { "uv": [1, 14, 15, 15], "rotation": 90, "texture": "#0" },
        "down": {
          "uv": [1, 15, 15, 16],
          "rotation": 270,
          "texture": "#0",
          "cullface": "down"
        }
      }
    },
    {
      "from": [15, 2, 14],
      "to": [16, 14, 15],
      "faces": {
        "north": { "uv": [14, 2, 15, 14], "texture": "#0" },
        "east": { "uv": [15, 2, 14, 14], "texture": "#0", "cullface": "east" },
        "west": { "uv": [15, 2, 14, 14], "texture": "#0" }
      }
    },
    {
      "from": [15, 2, 1],
      "to": [16, 14, 2],
      "faces": {
        "east": { "uv": [2, 2, 1, 14], "texture": "#0", "cullface": "east" },
        "south": { "uv": [1, 2, 2, 14], "texture": "#0" },
        "west": { "uv": [2, 2, 1, 14], "texture": "#0" }
      }
    },
    {
      "from": [1, 2, 2],
      "to": [1, 14, 14],
      "faces": {
        "east": { "uv": [14, 2, 2, 14], "texture": "#0" },
        "west": { "uv": [2, 2, 14, 14], "texture": "#0" }
      }
    },
    {
      "from": [0, 14, 1],
      "to": [1, 16, 15],
      "rotation": { "angle": 0, "axis": "y", "origin": [16, 0, 0] },
      "faces": {
        "east": { "uv": [15, 0, 1, 2], "texture": "#0" },
        "west": { "uv": [1, 0, 15, 2], "texture": "#0", "cullface": "west" },
        "up": {
          "uv": [1, 1, 15, 0],
          "rotation": 90,
          "texture": "#0",
          "cullface": "up"
        },
        "down": { "uv": [15, 2, 1, 1], "rotation": 90, "texture": "#0" }
      }
    },
    {
      "from": [0, 0, 1],
      "to": [1, 2, 15],
      "rotation": { "angle": 0, "axis": "y", "origin": [16, 0, 0] },
      "faces": {
        "east": { "uv": [15, 14, 1, 16], "texture": "#0" },
        "west": { "uv": [1, 14, 15, 16], "texture": "#0", "cullface": "west" },
        "up": { "uv": [1, 15, 15, 14], "rotation": 90, "texture": "#0" },
        "down": {
          "uv": [1, 16, 15, 15],
          "rotation": 270,
          "texture": "#0",
          "cullface": "down"
        }
      }
    },
    {
      "from": [0, 2, 14],
      "to": [1, 14, 15],
      "rotation": { "angle": 0, "axis": "y", "origin": [16, 0, 0] },
      "faces": {
        "north": { "uv": [15, 2, 14, 14], "texture": "#0" },
        "east": { "uv": [14, 2, 15, 14], "texture": "#0" },
        "west": { "uv": [14, 2, 15, 14], "texture": "#0", "cullface": "west" }
      }
    },
    {
      "from": [0, 2, 1],
      "to": [1, 14, 2],
      "rotation": { "angle": 0, "axis": "y", "origin": [16, 0, 0] },
      "faces": {
        "east": { "uv": [1, 2, 2, 14], "texture": "#0" },
        "south": { "uv": [2, 2, 1, 14], "texture": "#0" },
        "west": { "uv": [1, 2, 2, 14], "texture": "#0", "cullface": "west" }
      }
    },
    {
      "from": [2, 15, 1],
      "to": [14, 16, 2],
      "faces": {
        "south": { "uv": [2, 14, 14, 15], "texture": "#0" },
        "up": { "uv": [2, 14, 14, 15], "texture": "#0", "cullface": "up" },
        "down": { "uv": [2, 14, 14, 15], "texture": "#0" }
      }
    },
    {
      "from": [2, 15, 14],
      "to": [14, 16, 15],
      "faces": {
        "north": { "uv": [14, 1, 2, 2], "texture": "#0" },
        "up": { "uv": [2, 1, 14, 2], "texture": "#0", "cullface": "up" },
        "down": { "uv": [2, 1, 14, 2], "texture": "#0" }
      }
    },
    {
      "from": [1, 15, 1],
      "to": [2, 16, 15],
      "faces": {
        "east": { "uv": [14, 1, 15, 15], "rotation": 90, "texture": "#0" },
        "up": { "uv": [14, 1, 15, 15], "texture": "#0", "cullface": "up" },
        "down": { "uv": [14, 15, 15, 1], "texture": "#0" }
      }
    },
    {
      "from": [14, 15, 1],
      "to": [15, 16, 15],
      "faces": {
        "west": { "uv": [1, 15, 2, 1], "rotation": 90, "texture": "#0" },
        "up": { "uv": [1, 1, 2, 15], "texture": "#0", "cullface": "up" },
        "down": { "uv": [1, 15, 2, 1], "texture": "#0" }
      }
    },
    {
      "from": [2, 15, 2],
      "to": [14, 15, 14],
      "faces": {
        "up": { "uv": [14, 2, 2, 14], "rotation": 270, "texture": "#0" },
        "down": { "uv": [2, 2, 14, 14], "rotation": 270, "texture": "#0" }
      }
    },
    {
      "from": [2, 0, 1],
      "to": [14, 1, 2],
      "rotation": { "angle": 0, "axis": "y", "origin": [0, 16, 0] },
      "faces": {
        "south": { "uv": [2, 15, 14, 14], "texture": "#0" },
        "up": { "uv": [2, 15, 14, 14], "texture": "#0" },
        "down": { "uv": [2, 15, 14, 14], "texture": "#0", "cullface": "down" }
      }
    },
    {
      "from": [2, 0, 14],
      "to": [14, 1, 15],
      "rotation": { "angle": 0, "axis": "y", "origin": [0, 16, 0] },
      "faces": {
        "north": { "uv": [14, 2, 2, 1], "texture": "#0" },
        "up": { "uv": [2, 2, 14, 1], "texture": "#0" },
        "down": { "uv": [2, 2, 14, 1], "texture": "#0", "cullface": "down" }
      }
    },
    {
      "from": [1, 0, 1],
      "to": [2, 1, 15],
      "rotation": { "angle": 0, "axis": "y", "origin": [0, 16, 0] },
      "faces": {
        "east": { "uv": [15, 1, 14, 15], "rotation": 90, "texture": "#0" },
        "up": { "uv": [14, 1, 15, 15], "texture": "#0" },
        "down": { "uv": [14, 15, 15, 1], "texture": "#0", "cullface": "down" }
      }
    },
    {
      "from": [14, 0, 1],
      "to": [15, 1, 15],
      "rotation": { "angle": 0, "axis": "y", "origin": [0, 16, 0] },
      "faces": {
        "west": { "uv": [2, 15, 1, 1], "rotation": 90, "texture": "#0" },
        "up": { "uv": [1, 1, 2, 15], "texture": "#0" },
        "down": { "uv": [1, 15, 2, 1], "texture": "#0", "cullface": "down" }
      }
    },
    {
      "from": [2, 1, 2],
      "to": [14, 1, 14],
      "rotation": { "angle": 0, "axis": "y", "origin": [0, 16, 0] },
      "faces": {
        "up": { "uv": [14, 2, 2, 14], "rotation": 270, "texture": "#0" },
        "down": { "uv": [2, 2, 14, 14], "rotation": 270, "texture": "#0" }
      }
    }
  ],
  "groups": [
    {
      "name": "tank",
      "origin": [0, 0, 0],
      "color": 0,
      "children": [
        {
          "name": "south",
          "origin": [0, 0, 0],
          "color": 0,
          "children": [0, 1, 2, 3, 4]
        },
        {
          "name": "north",
          "origin": [0, 0, 0],
          "color": 0,
          "children": [5, 6, 7, 8, 9]
        },
        {
          "name": "west",
          "origin": [0, 0, 0],
          "color": 0,
          "children": [10, 11, 12, 13, 14]
        },
        {
          "name": "east",
          "origin": [0, 0, 0],
          "color": 0,
          "children": [15, 16, 17, 18, 19]
        },
        {
          "name": "top",
          "origin": [0, 0, 0],
          "color": 0,
          "children": [20, 21, 22, 23, 24]
        },
        {
          "name": "bottom",
          "origin": [0, 0, 0],
          "color": 0,
          "children": [25, 26, 27, 28, 29]
        }
      ]
    }
  ]
}
