{
	"type": "minecraft:block",
	"pools": [
		{
			"bonus_rolls": 0.0,
			"conditions": [
				{
					"condition": "minecraft:match_tool",
					"predicate": {
						"enchantments": [
							{
								"enchantment": "minecraft:silk_touch",
								"levels": {
									"min": 1
								}
							}
						]
					}
				}
			],
			"entries": [
				{
					"type": "minecraft:item",
					"name": "minecraft:ice"
				}
			],
			"rolls": 1.0
		},
		{
			"bonus_rolls": 0.0,
			"conditions": [
				{
					"condition": "minecraft:match_tool",
					"predicate": {
						"enchantments": [
							{
								"enchantment": "minecraft:fortune",
								"levels": {
									"min": 4,
									"max": 8
								}
							}
						]
					}
				}
			],
			"entries": [
				{
					"type": "minecraft:item",
					"name": "ad_astra:ice_shard"
				}
			],
			"rolls": 1.0
		},
		{
			"bonus_rolls": 0.0,
			"conditions": [
				{
					"condition": "minecraft:survives_explosion"
				}
			],
			"entries": [
				{
					"type": "minecraft:item",
					"name": "ad_astra:ice_shard"
				}
			],
			"rolls": 1.0
		}
	],
	"random_sequence": "minecraft:blocks/ice"
}