{"stats":{"minecraft:killed":{"minecraft:chicken":2},"minecraft:dropped":{"cmi:advanced_mekanism_mechanism":1,"ae2:fluix_stairs":1,"minecraft:red_dye":1,"createdeco:iron_catwalk":1,"copycats:copycat_fence":1,"createaddition:creative_energy":1,"ad_astra:desh_pillar":1},"minecraft:used":{"cmi:unknown_entity_":1,"minecraft:nether_brick_fence":22,"create:framed_glass":48,"create:deployer":96,"thermal:machine_crucible":1,"create:weighted_ejector":3,"create:brass_casing":208,"ae2:condenser":1,"ad_astra:encased_steel_block":22,"supplementaries:slidy_block":2,"create:schematic_table":1,"minecraft:redstone_ore":40,"mm:particle_collision_machine_item_input":2,"mekanism:configurator":54,"ad_astra:glowing_desh_pillar":29,"minecraft:oak_sign":3,"createdeco:copper_catwalk":155,"ae2:fluix_stairs":4,"ae2:crafting_accelerator":2,"ad_astra:ostrum_factory_block":87,"immersiveengineering:treated_scaffold":8,"ad_astra:steel_pillar":20,"ad_astra:ostrum_plating":17,"mm:particle_collision_machine_item_output":3,"create:railway_casing":1,"minecraft:netherrack":58,"createaddition:copper_spool":4,"createdeco:andesite_catwalk_stairs":10,"create_connected:fan_blasting_catalyst":2,"mm:steam_ore_processor_item_output":1,"copycats:copycat_fence":6,"create:fluid_tank":4,"ad_astra:ostrum_panel":14,"minecraft:brewing_stand":1,"create:mechanical_pump":10,"vintageimprovements:laser":1,"copycats:copycat_wall":30,"mekanism:basic_mechanical_pipe":3,"createdeco:industrial_iron_catwalk":144,"mekanism:ultimate_pressurized_tube":24,"create:mechanical_mixer":5,"mm:particle_collision_machine_energy_input":2,"create:cogwheel":7,"ad_astra:desh_pillar":38,"minecraft:cobblestone_wall":2,"minecraft:nether_bricks":279,"create:copycat_panel":200,"create:mechanical_crafter":11,"immersiveengineering:treated_wood_horizontal":29,"minecraft:nether_brick_slab":98,"mekanismgenerators:fission_reactor_casing":215,"create:depot":4,"ad_astra:ostrum_plating_slab":5,"minecraft:nether_brick_stairs":2,"createdeco:andesite_catwalk":98,"minecraft:obsidian":66,"thermal_extra:shellite_glass":6,"create:chute":78,"minecraft:glass":6,"copycats:copycat_block":13,"copycats:copycat_vertical_stairs":33,"mekanism:sps_port":5,"ae2:fluix_block":101,"ad_astra:glowing_steel_pillar":15,"cmi:steam_boiler":2,"immersiveengineering:treated_fence":17,"create:wrench":9,"immersiveengineering:workbench":2,"minecraft:iron_block":1,"create:metal_bracket":9,"minecraft:copper_ore":8,"createaddition:creative_energy":1,"minecraft:chicken_spawn_egg":2,"ad_astra:steel_plating_slab":9,"tconstruct:seared_faucet":1,"ad_astra:calorite_factory_block":112,"create:creative_motor":4,"minecraft:barrel":4,"create:andesite_funnel":27,"createdeco:zinc_catwalk":1,"minecraft:glowstone":31,"mm:steam_ore_processor_fluid_input":2,"mm:steam_ore_processor":1,"cmi:bronze_casing":204,"create:shaft":414,"minecraft:furnace":1,"copycats:copycat_corner_slice":6,"ftbquests:barrier":4,"create:fluid_pipe":28,"minecraft:gold_block":5,"mekanism:pressurized_reaction_chamber":2,"tconstruct:cobalt_ore":25,"ad_astra:steel_plating":13,"cmi:bronze_machine":4,"ad_astra:ostrum_block":13,"create:belt_connector":335,"thermal:signalum_glass":24,"createdeco:iron_catwalk":282,"mekanism:ultimate_mechanical_pipe":22,"cmi:117458866249":1,"ad_astra:steel_plateblock":27,"thermal:machine_press":1,"minecraft:nether_brick_wall":11,"tconstruct:clear_glass":107,"ad_astra:ostrum_pillar":23,"minecraft:snow_block":330,"createaddition:connector":3,"mm:particle_collision_machine":2,"create:brass_tunnel":41,"mm:steam_ore_processor_item_input":1,"minecraft:redstone_block":3,"ad_astra:calorite_block":26,"minecraft:gold_ore":19,"create:mechanical_saw":1,"create:blaze_burner":3,"supplementaries:deepslate_lamp":5,"create:spout":3,"create:item_drain":2,"ad_astra:glowing_ostrum_pillar":25,"createdieselgenerators:huge_diesel_engine":1,"minecraft:sand":17,"create:flywheel":1,"create:brass_funnel":58,"create:encased_fan":1,"ad_astra:calorite_panel":18,"createaddition:rolling_mill":5,"copycats:copycat_slab":223,"minecraft:crimson_trapdoor":21,"cmi:water_pump":2,"thermal:machine_chiller":2,"mekanism:block_steel":112,"mekanism:block_osmium":82,"ad_astra:calorite_plateblock":52,"mm:steam_ore_processor_fluid_output":1,"minecraft:nether_gold_ore":13,"mekanism:induction_casing":135,"ad_astra:ostrum_plating_stairs":21,"mekanism:sps_casing":156,"create:mechanical_press":35,"thermal:bronze_block":45,"ad_astra:desh_panel":32,"ad_astra:desh_factory_block":230,"tconstruct:seared_table":1,"mekanism:metallurgic_infuser":1,"mekanism:structural_glass":159,"create:mechanical_arm":45,"mekanism:steel_casing":342,"create:andesite_casing":163,"mekanism:chemical_crystallizer":2,"copycats:copycat_stairs":63,"mekanism:rotary_condensentrator":4,"create:andesite_tunnel":15,"minecraft:cat_spawn_egg":1,"create:copper_ladder":3,"ad_astra:desh_block":22,"ad_astra:glowing_calorite_pillar":7,"copycats:copycat_vertical_step":10,"create:basin":4,"minecraft:cobblestone":11,"vintageimprovements:spring_coiling_machine":7,"minecraft:chain":24,"mekanism:supercharged_coil":2,"cmi:osmium_tile":78,"immersiveengineering:stairs_treated_wood_horizontal":8,"minecraft:white_concrete":321,"ad_astra:steel_factory_block":154,"mekanism:creative_chemical_tank":4,"createdeco:iron_catwalk_stairs":14,"ad_astra:calorite_pillar":5,"thermal_extra:fluid_mixer":1},"minecraft:custom":{"minecraft:mob_kills":2,"minecraft:open_barrel":2,"minecraft:leave_game":14,"minecraft:time_since_death":511282,"minecraft:sprint_one_cm":45637,"minecraft:walk_one_cm":116820,"minecraft:drop":7,"minecraft:play_time":511282,"minecraft:sneak_time":15998,"minecraft:jump":644,"minecraft:total_world_time":839332,"minecraft:time_since_rest":511282,"minecraft:fly_one_cm":1262662,"minecraft:crouch_one_cm":10930},"minecraft:picked_up":{"mekanism:alloy_atomic":16,"cmi:advanced_mekanism_mechanism":1,"create:metal_bracket":1,"createdeco:iron_catwalk":1,"thermal:tin_ingot":12,"immersiveengineering:ingot_uranium":8,"minecraft:red_dye":1,"mekanism:hdpe_pellet":4,"mekanism:qio_drive_base":1,"ae2:fluix_stairs":1,"thermal:lead_ingot":16,"minecraft:gold_ingot":4,"mekanism:ingot_osmium":4,"minecraft:obsidian":12,"createaddition:creative_energy":1,"mekanism:alloy_reinforced":4,"minecraft:iron_ingot":16,"mekanism:steel_casing":1,"create:brass_tunnel":2,"mekanism:basic_control_circuit":4,"create:creative_motor":2,"ad_astra:desh_pillar":1}},"DataVersion":3465}