{
  "credit": "Made with Blockbench",
  "overrides": [
    {
      "model": "ae2:item/color_applicator_colored",
      "predicate": {
        "ae2:colored": 1.0
      }
    }
  ],
  "texture_size": [32, 32],
  "textures": {
    "particle": "ae2:item/tool_base",
    "base": "ae2:item/tool_base"
  },
  "elements": [
    {
      "from": [7, 0, 10],
      "to": [9, 5, 12],
      "rotation": { "angle": -22.5, "axis": "x", "origin": [8, 5, 10] },
      "faces": {
        "north": { "uv": [3, 6, 4, 8.5], "texture": "#base" },
        "east": { "uv": [1, 6, 2, 8.5], "texture": "#base" },
        "south": { "uv": [2, 6, 3, 8.5], "texture": "#base" },
        "west": { "uv": [0, 6, 1, 8.5], "texture": "#base" },
        "down": { "uv": [4, 7.5, 5, 8.5], "texture": "#base" }
      }
    },
    {
      "from": [6, 5, 8],
      "to": [10, 9, 15],
      "faces": {
        "north": { "uv": [7.5, 4, 9.5, 6], "texture": "#base" },
        "east": { "uv": [0, 0, 3.5, 2], "texture": "#base" },
        "south": { "uv": [7.5, 2, 9.5, 4], "texture": "#base" },
        "west": { "uv": [3.5, 0, 0, 2], "texture": "#base" },
        "up": { "uv": [4, 2, 7.5, 4], "rotation": 90, "texture": "#base" },
        "down": { "uv": [0, 4, 3.5, 6], "rotation": 90, "texture": "#base" }
      }
    },
    {
      "from": [7.5, 3.5, 9.5],
      "to": [8.5, 5.5, 10.5],
      "rotation": { "angle": -22.5, "axis": "x", "origin": [8, 5, 10] },
      "faces": {
        "north": { "uv": [4, 6, 4.5, 7], "texture": "#base" },
        "east": { "uv": [4, 6, 4.5, 7], "texture": "#base" },
        "west": { "uv": [4, 6, 4.5, 7], "texture": "#base" },
        "down": { "uv": [4, 6.5, 4.5, 7], "texture": "#base" }
      }
    },
    {
      "from": [6.5, 6, 9],
      "to": [9.5, 10, 16],
      "rotation": { "angle": 0, "axis": "y", "origin": [0, 0.5, -3] },
      "faces": {
        "north": { "uv": [5, 8.5, 6.5, 10.5], "texture": "#base" },
        "east": { "uv": [0, 12, 3.5, 14], "texture": "#base" },
        "south": {
          "uv": [3.5, 8.5, 5, 10.5],
          "texture": "#base",
          "cullface": "south"
        },
        "west": { "uv": [0, 8.5, 3.5, 10.5], "texture": "#base" },
        "up": { "uv": [0, 10.5, 3.5, 12], "rotation": 90, "texture": "#base" },
        "down": { "uv": [0, 14, 3.5, 15.5], "rotation": 90, "texture": "#base" }
      }
    },
    {
      "from": [5.5, 4.5, 11],
      "to": [10.5, 9.5, 14],
      "rotation": { "angle": 0, "axis": "y", "origin": [0, 0, 8] },
      "faces": {
        "north": { "uv": [9.5, 7.5, 12, 10], "texture": "#base" },
        "east": { "uv": [9.5, 5, 11, 7.5], "texture": "#base" },
        "south": { "uv": [12, 7.5, 14.5, 10], "texture": "#base" },
        "west": { "uv": [11, 5, 9.5, 7.5], "texture": "#base" },
        "up": { "uv": [11, 5, 12.5, 7.5], "rotation": 90, "texture": "#base" },
        "down": { "uv": [12.5, 5, 14, 7.5], "rotation": 90, "texture": "#base" }
      }
    },
    {
      "from": [13.82843, 6.5, 0.17157],
      "to": [14.82843, 7.5, 1.17157],
      "rotation": { "angle": 0, "axis": "z", "origin": [8, 7, 3.83579] },
      "faces": {
        "north": {
          "uv": [8.5, 7, 9, 7.5],
          "rotation": 270,
          "texture": "#base"
        },
        "east": { "uv": [8.5, 7, 9, 7.5], "rotation": 270, "texture": "#base" },
        "west": { "uv": [8.5, 7, 9, 7.5], "rotation": 270, "texture": "#base" }
      }
    },
    {
      "from": [1.17157, 6.5, 0.17157],
      "to": [2.17157, 7.5, 1.17157],
      "rotation": { "angle": 0, "axis": "z", "origin": [8, 7, 3.83579] },
      "faces": {
        "north": {
          "uv": [8.5, 7, 9, 7.5],
          "rotation": 270,
          "texture": "#base"
        },
        "east": { "uv": [8.5, 7, 9, 7.5], "rotation": 270, "texture": "#base" },
        "west": { "uv": [8.5, 7, 9, 7.5], "rotation": 270, "texture": "#base" }
      }
    },
    {
      "from": [1.17157, 5.5, 0.17157],
      "to": [2.17157, 6.5, 4.17157],
      "rotation": { "angle": 0, "axis": "z", "origin": [8, 7, 3.83579] },
      "faces": {
        "north": { "uv": [8, 9, 8.5, 8.5], "texture": "#base" },
        "east": {
          "uv": [8.5, 8.5, 8, 10.5],
          "rotation": 90,
          "texture": "#base"
        },
        "west": {
          "uv": [8.5, 8.5, 8, 10.5],
          "rotation": 270,
          "texture": "#base"
        },
        "down": { "uv": [8, 10.5, 8.5, 8.5], "texture": "#base" }
      }
    },
    {
      "from": [0, 5.5, 6],
      "to": [4, 6.5, 7],
      "rotation": { "angle": -45, "axis": "y", "origin": [4, 6, 7] },
      "faces": {
        "north": {
          "uv": [8, 8.5, 7.5, 10.5],
          "rotation": 90,
          "texture": "#base"
        },
        "south": {
          "uv": [8, 8.5, 7.5, 10.5],
          "rotation": 270,
          "texture": "#base"
        },
        "down": {
          "uv": [8, 8.5, 7.5, 10.5],
          "rotation": 270,
          "texture": "#base"
        }
      }
    },
    {
      "from": [4, 5.5, 6],
      "to": [7, 6.5, 7],
      "rotation": { "angle": 0, "axis": "z", "origin": [8, 7, 3.83579] },
      "faces": {
        "north": {
          "uv": [9, 9, 8.5, 10.5],
          "rotation": 90,
          "texture": "#base"
        },
        "south": {
          "uv": [9, 9, 8.5, 10.5],
          "rotation": 270,
          "texture": "#base"
        },
        "down": { "uv": [9, 9, 8.5, 10.5], "rotation": 270, "texture": "#base" }
      }
    },
    {
      "from": [9, 5.5, 6],
      "to": [12, 6.5, 7],
      "rotation": { "angle": 0, "axis": "z", "origin": [8, 7, 3.83579] },
      "faces": {
        "north": {
          "uv": [9.5, 9, 9, 10.5],
          "rotation": 90,
          "texture": "#base"
        },
        "south": {
          "uv": [9.5, 9, 9, 10.5],
          "rotation": 270,
          "texture": "#base"
        },
        "down": { "uv": [9.5, 9, 9, 10.5], "rotation": 270, "texture": "#base" }
      }
    },
    {
      "from": [12, 5.5, 6],
      "to": [16, 6.5, 7],
      "rotation": { "angle": 45, "axis": "y", "origin": [12, 6, 7] },
      "faces": {
        "north": {
          "uv": [7, 8.5, 6.5, 10.5],
          "rotation": 90,
          "texture": "#base"
        },
        "south": {
          "uv": [7, 8.5, 6.5, 10.5],
          "rotation": 270,
          "texture": "#base"
        },
        "down": {
          "uv": [7, 8.5, 6.5, 10.5],
          "rotation": 270,
          "texture": "#base"
        }
      }
    },
    {
      "from": [13.82843, 5.5, 0.17157],
      "to": [14.82843, 6.5, 4.17157],
      "rotation": { "angle": 0, "axis": "z", "origin": [8, 7, 3.83579] },
      "faces": {
        "north": { "uv": [7, 10.5, 7.5, 10], "texture": "#base" },
        "east": {
          "uv": [7.5, 8.5, 7, 10.5],
          "rotation": 270,
          "texture": "#base"
        },
        "west": {
          "uv": [7.5, 8.5, 7, 10.5],
          "rotation": 90,
          "texture": "#base"
        },
        "down": { "uv": [7, 8.5, 7.5, 10.5], "texture": "#base" }
      }
    },
    {
      "from": [13.82843, 7.5, 0.17157],
      "to": [14.82843, 8.5, 4.17157],
      "rotation": { "angle": 0, "axis": "z", "origin": [8, 7, 3.83579] },
      "faces": {
        "north": { "uv": [7, 8, 7.5, 8.5], "texture": "#base" },
        "east": {
          "uv": [7, 6.5, 7.5, 8.5],
          "rotation": 270,
          "texture": "#base"
        },
        "west": {
          "uv": [7, 6.5, 7.5, 8.5],
          "rotation": 90,
          "texture": "#base"
        },
        "up": { "uv": [7, 8.5, 7.5, 6.5], "texture": "#base" }
      }
    },
    {
      "from": [9, 7.5, 6],
      "to": [12, 8.5, 7],
      "rotation": { "angle": 0, "axis": "z", "origin": [8, 7, 3.83579] },
      "faces": {
        "north": { "uv": [8, 7, 8.5, 8.5], "rotation": 90, "texture": "#base" },
        "south": {
          "uv": [8, 7, 8.5, 8.5],
          "rotation": 270,
          "texture": "#base"
        },
        "up": { "uv": [8, 7, 8.5, 8.5], "rotation": 270, "texture": "#base" }
      }
    },
    {
      "from": [12, 7.5, 6],
      "to": [16, 8.5, 7],
      "rotation": { "angle": 45, "axis": "y", "origin": [12, 8, 7] },
      "faces": {
        "north": {
          "uv": [7.5, 6.5, 8, 8.5],
          "rotation": 90,
          "texture": "#base"
        },
        "south": {
          "uv": [7.5, 6.5, 8, 8.5],
          "rotation": 270,
          "texture": "#base"
        },
        "up": { "uv": [7.5, 6.5, 8, 8.5], "rotation": 270, "texture": "#base" }
      }
    },
    {
      "from": [0, 7.5, 6],
      "to": [4, 8.5, 7],
      "rotation": { "angle": -45, "axis": "y", "origin": [4, 8, 7] },
      "faces": {
        "north": {
          "uv": [6.5, 6.5, 7, 8.5],
          "rotation": 90,
          "texture": "#base"
        },
        "south": {
          "uv": [6.5, 6.5, 7, 8.5],
          "rotation": 270,
          "texture": "#base"
        },
        "up": { "uv": [6.5, 6.5, 7, 8.5], "rotation": 270, "texture": "#base" }
      }
    },
    {
      "from": [4, 7.5, 6],
      "to": [7, 8.5, 7],
      "rotation": { "angle": 0, "axis": "z", "origin": [8, 7, 3.83579] },
      "faces": {
        "north": { "uv": [4.5, 6, 5, 7.5], "rotation": 90, "texture": "#base" },
        "south": {
          "uv": [4.5, 6, 5, 7.5],
          "rotation": 270,
          "texture": "#base"
        },
        "up": { "uv": [4.5, 6, 5, 7.5], "rotation": 270, "texture": "#base" }
      }
    },
    {
      "from": [1.17157, 7.5, 0.17157],
      "to": [2.17157, 8.5, 4.17157],
      "rotation": { "angle": 0, "axis": "z", "origin": [8, 7, 3.83579] },
      "faces": {
        "north": { "uv": [6, 6.5, 6.5, 7], "texture": "#base" },
        "east": {
          "uv": [6, 6.5, 6.5, 8.5],
          "rotation": 90,
          "texture": "#base"
        },
        "west": {
          "uv": [6, 6.5, 6.5, 8.5],
          "rotation": 270,
          "texture": "#base"
        },
        "up": { "uv": [6, 6.5, 6.5, 8.5], "texture": "#base" }
      }
    },
    {
      "from": [2, 6, 1.18],
      "to": [3, 8, 2.18],
      "rotation": { "angle": 0, "axis": "z", "origin": [8, 7, 4] },
      "faces": {
        "north": { "uv": [6, 6, 5.5, 7], "texture": "#base" },
        "east": { "uv": [6, 6, 5.5, 7], "texture": "#base" },
        "south": { "uv": [6, 6, 5.5, 7], "texture": "#base" },
        "up": { "uv": [6, 6, 5.5, 6.5], "texture": "#base" },
        "down": { "uv": [6, 6.5, 5.5, 7], "texture": "#base" }
      }
    },
    {
      "from": [13, 6, 1.18],
      "to": [14, 8, 2.18],
      "rotation": { "angle": 0, "axis": "z", "origin": [8, 7, 4] },
      "faces": {
        "north": { "uv": [5.5, 7, 6, 8], "texture": "#base" },
        "south": { "uv": [5.5, 7, 6, 8], "texture": "#base" },
        "west": { "uv": [5.5, 7, 6, 8], "texture": "#base" },
        "up": { "uv": [5.5, 7, 6, 7.5], "texture": "#base" },
        "down": { "uv": [5.5, 7.5, 6, 8], "texture": "#base" }
      }
    },
    {
      "from": [7, 7.5, 6],
      "to": [9, 8.5, 8],
      "rotation": { "angle": 0, "axis": "z", "origin": [8, 7, 3.83579] },
      "faces": {
        "north": { "uv": [8.5, 7, 9, 8], "rotation": 90, "texture": "#base" },
        "east": { "uv": [9.5, 7.5, 8.5, 8], "texture": "#base" },
        "west": { "uv": [8.5, 7, 9.5, 7.5], "texture": "#base" },
        "up": { "uv": [9.5, 7, 8.5, 8], "rotation": 270, "texture": "#base" }
      }
    },
    {
      "from": [7, 6.5, 6],
      "to": [9, 7.5, 8],
      "rotation": { "angle": 0, "axis": "z", "origin": [8, 7, 3.83579] },
      "faces": {
        "north": { "uv": [7, 8, 7.5, 8.5], "texture": "#base" },
        "east": { "uv": [7, 6, 8, 6.5], "texture": "#base", "tintindex": 2 },
        "west": { "uv": [7, 6, 8, 6.5], "texture": "#base", "tintindex": 2 }
      }
    },
    {
      "from": [7, 5.5, 6],
      "to": [9, 6.5, 8],
      "rotation": { "angle": 0, "axis": "z", "origin": [8, 7, 3.83579] },
      "faces": {
        "north": { "uv": [9, 8, 9.5, 9], "rotation": 90, "texture": "#base" },
        "east": { "uv": [8.5, 8.5, 9.5, 9], "texture": "#base" },
        "west": { "uv": [9.5, 8, 8.5, 8.5], "texture": "#base" },
        "down": { "uv": [9.5, 8, 8.5, 9], "rotation": 270, "texture": "#base" }
      }
    },
    {
      "from": [4, 6.5, 6],
      "to": [7, 7.5, 7],
      "rotation": { "angle": 0, "axis": "y", "origin": [8, 7, 3.83579] },
      "faces": {
        "north": { "uv": [7, 8, 7.5, 8.5], "texture": "#base" },
        "east": { "uv": [0.5, 0, 0, 0.5], "texture": "#base", "tintindex": 2 },
        "south": { "uv": [7, 8, 7.5, 8.5], "texture": "#base" },
        "west": { "uv": [0.5, 0, 0, 0.5], "texture": "#base", "tintindex": 2 },
        "up": {
          "uv": [0, 1.5, 0.5, 0],
          "rotation": 270,
          "texture": "#base",
          "tintindex": 2
        },
        "down": {
          "uv": [0, 1.5, 0.5, 0],
          "rotation": 270,
          "texture": "#base",
          "tintindex": 2
        }
      }
    },
    {
      "from": [0, 6.5, 6],
      "to": [4, 7.5, 7],
      "rotation": { "angle": -45, "axis": "y", "origin": [4, 8, 7] },
      "faces": {
        "north": { "uv": [7, 8, 7.5, 8.5], "texture": "#base" },
        "east": { "uv": [0.5, 0, 0, 0.5], "texture": "#base", "tintindex": 2 },
        "south": { "uv": [7, 8, 7.5, 8.5], "texture": "#base" },
        "west": { "uv": [0.5, 0, 0, 0.5], "texture": "#base", "tintindex": 2 },
        "up": {
          "uv": [0, 2, 0.5, 0],
          "rotation": 270,
          "texture": "#base",
          "tintindex": 2
        },
        "down": {
          "uv": [0, 2, 0.5, 0],
          "rotation": 270,
          "texture": "#base",
          "tintindex": 2
        }
      }
    },
    {
      "from": [1.17157, 6.5, 1.17157],
      "to": [2.17157, 7.5, 4.17157],
      "rotation": { "angle": 0, "axis": "y", "origin": [8, 7, 3.83579] },
      "faces": {
        "north": { "uv": [0.5, 0, 0, 0.5], "texture": "#base", "tintindex": 2 },
        "east": { "uv": [7, 8, 7.5, 8.5], "texture": "#base" },
        "south": { "uv": [0.5, 0, 0, 0.5], "texture": "#base", "tintindex": 2 },
        "west": { "uv": [7, 8, 7.5, 8.5], "texture": "#base" },
        "up": { "uv": [0.5, 0, 0, 2], "texture": "#base", "tintindex": 2 },
        "down": {
          "uv": [0.5, 0, 0, 2],
          "rotation": 180,
          "texture": "#base",
          "tintindex": 2
        }
      }
    },
    {
      "from": [9, 6.5, 6],
      "to": [12, 7.5, 7],
      "rotation": { "angle": 0, "axis": "y", "origin": [8, 7, 3.83579] },
      "faces": {
        "north": { "uv": [7, 8, 7.5, 8.5], "texture": "#base" },
        "east": { "uv": [0, 0, 0.5, 0.5], "texture": "#base", "tintindex": 2 },
        "south": { "uv": [7, 8, 7.5, 8.5], "texture": "#base" },
        "west": { "uv": [0, 0, 0.5, 0.5], "texture": "#base", "tintindex": 2 },
        "up": {
          "uv": [0, 0, 0.5, 1.5],
          "rotation": 270,
          "texture": "#base",
          "tintindex": 2
        },
        "down": {
          "uv": [0, 0, 0.5, 1.5],
          "rotation": 270,
          "texture": "#base",
          "tintindex": 2
        }
      }
    },
    {
      "from": [12, 6.5, 6],
      "to": [16, 7.5, 7],
      "rotation": { "angle": 45, "axis": "y", "origin": [12, 8, 7] },
      "faces": {
        "north": { "uv": [7, 8, 7.5, 8.5], "texture": "#base" },
        "east": { "uv": [0, 0, 0.5, 0.5], "texture": "#base", "tintindex": 2 },
        "south": { "uv": [7, 8, 7.5, 8.5], "texture": "#base" },
        "west": { "uv": [0, 0, 0.5, 0.5], "texture": "#base", "tintindex": 2 },
        "up": {
          "uv": [0, 0, 0.5, 2],
          "rotation": 270,
          "texture": "#base",
          "tintindex": 2
        },
        "down": {
          "uv": [0, 0, 0.5, 2],
          "rotation": 270,
          "texture": "#base",
          "tintindex": 2
        }
      }
    },
    {
      "from": [13.82843, 6.5, 1.17157],
      "to": [14.82843, 7.5, 4.17157],
      "rotation": { "angle": 0, "axis": "y", "origin": [8, 7, 3.83579] },
      "faces": {
        "north": { "uv": [0, 0, 0.5, 0.5], "texture": "#base" },
        "east": { "uv": [7, 8, 7.5, 8.5], "texture": "#base" },
        "south": { "uv": [0, 0, 0.5, 0.5], "texture": "#base" },
        "west": { "uv": [7, 8, 7.5, 8.5], "texture": "#base" },
        "up": { "uv": [0, 0, 0.5, 2], "texture": "#base" },
        "down": { "uv": [0, 0, 0.5, 2], "rotation": 180, "texture": "#base" }
      }
    }
  ],
  "display": {
    "thirdperson_righthand": {
      "translation": [0, 2.25, -2],
      "scale": [0.6, 0.6, 0.6]
    },
    "thirdperson_lefthand": {
      "translation": [0, 2.25, -2],
      "scale": [0.6, 0.6, 0.6]
    },
    "firstperson_righthand": {
      "translation": [0, 0, -2.5],
      "scale": [0.8, 0.8, 0.8]
    },
    "firstperson_lefthand": {
      "translation": [0, 0, -2.5],
      "scale": [0.8, 0.8, 0.8]
    },
    "ground": {
      "scale": [0.4, 0.4, 0.4]
    },
    "gui": {
      "rotation": [30, 225, 0],
      "translation": [-1.25, 0.5, 0],
      "scale": [0.8, 0.8, 0.8]
    },
    "fixed": {
      "rotation": [0, 90, 0],
      "translation": [0, 0, -1.5]
    }
  },
  "groups": [
    0,
    1,
    2,
    3,
    4,
    5,
    6,
    7,
    8,
    9,
    10,
    11,
    12,
    13,
    14,
    15,
    16,
    17,
    18,
    19,
    20,
    21,
    22,
    23,
    {
      "name": "medium",
      "origin": [8, 7, 3.83579],
      "color": 0,
      "children": [24, 25, 26, 27, 28, 29]
    }
  ]
}
