{
  "credit": "Made with Blockbench",
  "textures": {
    "side": "ae2:block/mysterious_cube_side",
    "top": "ae2:block/mysterious_cube_top",
    "bottom": "ae2:block/mysterious_cube_bottom",
    "particle": "ae2:block/mysterious_cube_core",
    "core": "ae2:block/mysterious_cube_core"
  },
  "render_type": "cutout",
  "elements": [
    {
      "from": [0, 0, 0],
      "to": [16, 16, 16],
      "faces": {
        "north": {
          "uv": [0, 0, 16, 16],
          "texture": "#core",
          "cullface": "north"
        },
        "east": {
          "uv": [0, 0, 16, 16],
          "texture": "#core",
          "cullface": "east"
        },
        "south": {
          "uv": [0, 0, 16, 16],
          "texture": "#core",
          "cullface": "south"
        },
        "west": {
          "uv": [0, 0, 16, 16],
          "texture": "#core",
          "cullface": "west"
        },
        "up": { "uv": [16, 0, 0, 16], "texture": "#core", "cullface": "up" },
        "down": { "uv": [16, 0, 0, 16], "texture": "#core", "cullface": "down" }
      }
    },
    {
      "from": [0, 0, 0],
      "to": [16, 16, 16],
      "faces": {
        "north": {
          "uv": [0, 0, 16, 16],
          "texture": "#side",
          "cullface": "north",
          "neoforge_data": { "block_light": 15, "sky_light": 15 }
        },
        "east": {
          "uv": [0, 0, 16, 16],
          "texture": "#side",
          "cullface": "east",
          "neoforge_data": { "block_light": 15, "sky_light": 15 }
        },
        "south": {
          "uv": [0, 0, 16, 16],
          "texture": "#side",
          "cullface": "south",
          "neoforge_data": { "block_light": 15, "sky_light": 15 }
        },
        "west": {
          "uv": [0, 0, 16, 16],
          "texture": "#side",
          "cullface": "west",
          "neoforge_data": { "block_light": 15, "sky_light": 15 }
        },
        "up": {
          "uv": [16, 0, 0, 16],
          "texture": "#top",
          "cullface": "up",
          "neoforge_data": { "block_light": 15, "sky_light": 15 }
        },
        "down": {
          "uv": [16, 0, 0, 16],
          "texture": "#bottom",
          "cullface": "down",
          "neoforge_data": { "block_light": 15, "sky_light": 15 }
        }
      }
    }
  ],
  "display": {
    "thirdperson_righthand": {
      "rotation": [75, 45, 0],
      "translation": [0, 2.5, 0],
      "scale": [0.375, 0.375, 0.375]
    },
    "thirdperson_lefthand": {
      "rotation": [75, 45, 0],
      "translation": [0, 2.5, 0],
      "scale": [0.375, 0.375, 0.375]
    },
    "firstperson_righthand": {
      "rotation": [0, 45, 0],
      "scale": [0.4, 0.4, 0.4]
    },
    "firstperson_lefthand": {
      "rotation": [0, 225, 0],
      "scale": [0.4, 0.4, 0.4]
    },
    "ground": {
      "translation": [0, 3, 0],
      "scale": [0.25, 0.25, 0.25]
    },
    "gui": {
      "rotation": [30, 225, 0],
      "scale": [0.625, 0.625, 0.625]
    },
    "fixed": {
      "scale": [0.5, 0.5, 0.5]
    }
  }
}
