{"stats":{"minecraft:custom":{"minecraft:open_barrel":4,"minecraft:leave_game":12,"minecraft:time_since_death":195302,"minecraft:climb_one_cm":935,"minecraft:time_since_rest":195302,"minecraft:sprint_one_cm":327191,"minecraft:damage_taken":160,"minecraft:walk_one_cm":167232,"minecraft:drop":17,"minecraft:damage_dealt":10,"minecraft:fly_one_cm":810030,"minecraft:crouch_one_cm":2135,"minecraft:play_time":195302,"minecraft:sneak_time":3929,"minecraft:jump":767,"minecraft:total_world_time":235524,"minecraft:fall_one_cm":211},"minecraft:mined":{"minecraft:oak_door":1,"cmi:rocket_pattern":2},"minecraft:used":{"rechiseled:obsidian_bordered_connecting":37,"minecraft:oak_trapdoor":1,"minecraft:emerald_ore":8,"cmi:nether_vanadium_ore":3,"create:copper_door":3,"minecraft:nether_brick_fence":27,"create:deployer":1,"cmi:rocket_pattern":22,"minecraft:nether_brick_wall":52,"minecraft:flint_and_steel":4,"create:schematic_table":4,"create:wooden_bracket":4,"minecraft:polished_blackstone":15,"createdeco:copper_catwalk":33,"createdeco:copper_catwalk_stairs":20,"create:portable_storage_interface":2,"create_enchantment_industry:hyper_experience_bottle":1,"rechiseled:obsidian_pillars_connecting":41,"minecraft:grass":4,"minecraft:structure_block":9,"create:mechanical_saw":15,"functionalstorage:configuration_tool":1,"minecraft:netherrack":29,"minecraft:oak_door":3,"createdeco:copper_catwalk_railing":38,"ratatouille:squeeze_basin":2,"create:fluid_tank":33,"createdeco:decal_left":3,"create:mechanical_pump":2,"minecraft:dirt":71,"createdeco:industrial_iron_catwalk":255,"create:copper_casing":46,"copycats:copycat_slab":36,"minecraft:nether_quartz_ore":2,"create:cogwheel":25,"rechiseled:obsidian_stripes_connecting":12,"minecraft:nether_bricks":44,"minecraft:cobblestone_wall":1,"minecraft:nether_brick_slab":20,"createdeco:industrial_iron_catwalk_stairs":21,"create:depot":1,"cmi:chemical_gas_extractor":22,"rechiseled:obsidian_brick_paving_connecting":135,"minecraft:obsidian":12,"thermal:charcoal_block":3,"create:chute":10,"minecraft:oak_log":1,"create:tree_fertilizer":4,"create:track":15,"rechiseled:obsidian_dark":5,"thermal:device_tree_extractor":1,"immersiveengineering:hammer":1,"minecraft:lava_bucket":24,"minecraft:crying_obsidian":2,"create:mechanical_press":8,"create:gearbox":1,"minecraft:grass_block":9,"minecraft:waxed_cut_copper":1,"create:wrench":91,"createdeco:decal_right":32,"minecraft:deepslate_copper_ore":2,"minecraft:iron_axe":1,"create:metal_bracket":14,"minecraft:netherite_axe":2,"createaddition:electrum_spool":4,"minecraft:lapis_ore":2,"tconstruct:tinker_station":1,"tconstruct:seared_faucet":1,"create:copper_bars":5,"minecraft:oak_pressure_plate":2,"minecraft:diamond_ore":8,"create:andesite_casing":13,"rechiseled:obsidian_chiseled_creeper":1,"crystal_clear:copper_glass_casing":1,"rechiseled:obsidian_bordered":7,"create:creative_motor":5,"rechiseled:obsidian_bricks_connecting":20,"minecraft:deepslate_diamond_ore":2,"minecraft:coal_block":1,"create:basin":2,"create:shaft":25,"functionalstorage:oak_1":1,"createdeco:decal_down":1,"minecraft:oak_sapling":4,"tconstruct:crafting_station":1,"immersiveengineering:blastbrick_reinforced":1,"create:fluid_pipe":16,"tconstruct:raw_cobalt_block":10,"create:vertical_gearbox":10,"minecraft:stripped_oak_log":21,"tconstruct:cobalt_ore":2,"tconstruct:part_builder":1,"createdeco:decal_up":1,"minecraft:bone_meal":2,"create:belt_connector":14,"create:large_cogwheel":17,"create:copper_scaffolding":4},"minecraft:dropped":{"tconstruct:cobalt_ore":1,"minecraft:oak_log":2,"minecraft:stripped_oak_log":1,"create:chute":1,"minecraft:nether_brick_wall":2,"minecraft:nether_brick_fence":1,"tconstruct:raw_cobalt_block":1,"minecraft:nether_quartz_ore":2,"cmi:incomplete_wooden_mechanism":1,"cmi:rocket_pattern":5},"minecraft:picked_up":{"createdeco:decal_left":2,"minecraft:charcoal":7,"minecraft:ladder":6,"cmi:rocket_pattern":6,"minecraft:oak_log":3,"minecraft:stone_pickaxe":1,"minecraft:nether_quartz_ore":1,"minecraft:oak_door":1,"minecraft:torch":1,"capsule:capsule":1,"createdeco:decal_right":1,"immersiveengineering:seed":2,"minecraft:stone_axe":1,"minecraft:waxed_cut_copper":1}},"DataVersion":3465}