{"stats":{"minecraft:mined":{"minecraft:grass_block":30,"supplementaries:soap_block":1,"immersiveengineering:rs_engineering":5,"immersiveengineering:metal_press":5,"immersiveengineering:steel_scaffolding_standard":10,"minecraft:dirt":939,"immersiveengineering:conveyor_basic":10,"minecraft:piston":5},"minecraft:killed_by":{"minecraft:player":1},"minecraft:custom":{"minecraft:mob_kills":2,"minecraft:open_barrel":4,"minecraft:leave_game":25,"minecraft:time_since_death":745376,"minecraft:damage_resisted":236,"minecraft:sprint_one_cm":172387,"minecraft:walk_one_cm":459523,"minecraft:drop":75,"minecraft:play_time":1524380,"minecraft:deaths":3,"minecraft:sneak_time":36406,"minecraft:jump":2243,"minecraft:walk_on_water_one_cm":402,"minecraft:total_world_time":1715332,"minecraft:time_since_rest":745398,"minecraft:damage_taken":1949,"minecraft:damage_dealt":120,"minecraft:fly_one_cm":5000375,"minecraft:open_chest":2,"minecraft:crouch_one_cm":9290,"minecraft:fall_one_cm":20236},"minecraft:killed":{"minecraft:cod":1,"minecraft:player":1,"minecraft:cow":1},"minecraft:dropped":{"create:belt_connector":3,"minecraft:bookshelf":1,"create:chute":1,"minecraft:copper_ingot":4,"minecraft:chiseled_bookshelf":1,"minecraft:grass_block":1,"minecraft:sand":11,"minecraft:gray_dye":1,"minecraft:gold_ingot":2,"minecraft:dandelion":8,"immersiveengineering:metal_press":2,"thermal:coal_coke":1,"thermal:electrum_plate":1,"thermal_extra:amethyst_dust":1,"immersiveengineering:capacitor_creative":1,"minecraft:oak_planks":1,"immersiveengineering:sheetmetal_steel":1,"thermal:signalum_ingot":186,"immersiveengineering:hammer":1,"createaddition:electrum_sheet":1,"create:wooden_bracket":1,"minecraft:stone":1,"rechiseledae2:sky_stone_smooth_rotated_bricks_connecting":1,"thermal:signalum_block":1,"immersiveengineering:ingot_lead":4,"minecraft:enchanting_table":1},"minecraft:picked_up":{"create:metal_bracket":6,"immersiveengineering:heavy_engineering":5,"create:wooden_bracket":7,"thermal:electrum_plate":1,"create:chute":1,"minecraft:beef":2,"minecraft:piston":5,"minecraft:end_stone":5,"minecraft:copper_ingot":2,"cmi:basic_mechanism_part":1,"thermal:signalum_gear":15,"thermal:signalum_ingot":57,"immersiveengineering:steel_scaffolding_standard":10,"minecraft:cactus":2,"minecraft:bookshelf":1,"immersiveengineering:rs_engineering":5,"minecraft:cod":1,"minecraft:enchanting_table":1,"cmi:magical_mechanism_part":129,"minecraft:chiseled_bookshelf":1,"minecraft:leather":1,"tconstruct:pig_iron_nugget":384,"create:belt_connector":1,"immersiveengineering:metal_press":2,"minecraft:dirt":910,"cmi:super_knife":1,"immersiveengineering:capacitor_creative":1,"thermal:niter_dust":11,"ad_astra:launch_pad":4,"supplementaries:soap_block":1,"minecraft:oak_planks":1,"minecraft:dandelion":4,"create:brass_tunnel":7,"createdeco:decal_right":2,"create:andesite_tunnel":3,"create:brass_ingot":1,"minecraft:diamond":32,"immersiveengineering:seed":2,"vintageimprovements:redstone_module":1,"thermal:lead_gear":1,"minecraft:chorus_fruit":104,"immersiveengineering:conveyor_basic":10,"immersiveengineering:hammer":1},"minecraft:used":{"cmi:ponder_thermal_machine_side":10,"immersiveengineering:conveyor_basic":147,"rechiseled:obsidian_bordered_connecting":14,"immersiveengineering:storage_electrum":4,"minecraft:purpur_block":7,"cmi:unknown_entity_":3,"create:deployer":74,"create_enchantment_industry:disenchanter":3,"minecraft:enchanting_table":1,"mekanism:enrichment_chamber":4,"create:brass_casing":67,"mekanism:pressure_disperser":36,"ae2:charger":1,"rechiseled:redstone_block_diagonal_tiles_connecting":19,"create:small_rose_quartz_tiles":1,"minecraft:dead_bush":6,"thermal_extra:signalum_excavator":969,"create:wooden_bracket":13,"minecraft:smooth_quartz_slab":7,"createdeco:brass_catwalk_stairs":4,"immersiveengineering:radiator":1,"minecraft:spruce_slab":129,"createframed:rose_quartz_window":4,"thermal:lumium_glass":34,"createdeco:copper_catwalk":256,"minecraft:chest":1,"minecraft:stone":24,"immersiveengineering:treated_scaffold":12,"minecraft:sculk":74,"supplementaries:soap_block":44,"immersiveengineering:slab_steel_scaffolding_grate_top":152,"create:small_ochrum_bricks":127,"farmersdelight:rice_bag":2,"create:railway_casing":1,"minecraft:structure_block":107,"cmi:potion_machine":3,"minecraft:netherrack":90,"createaddition:copper_spool":6,"minecraft:sculk_sensor":3,"createdeco:andesite_catwalk_stairs":10,"create_connected:fan_blasting_catalyst":1,"minecraft:debug_stick":11,"tconstruct:pig_iron_block":18,"create:fluid_tank":13,"minecraft:dirt":65,"create:mechanical_pump":16,"ae2:quartz_bricks":2,"rechiseledae2:sky_stone_smooth_large_tiles_connecting":36,"vintageimprovements:laser":9,"createdeco:industrial_iron_catwalk":1605,"mekanism:precision_sawmill":6,"create:mechanical_mixer":11,"cmi:ponder_thermal_machine_top":62,"minecraft:chorus_flower":35,"expatternprovider:assembler_matrix_frame":6,"thermal:obsidian_glass":21,"create:cogwheel":14,"immersiveengineering:treated_wood_horizontal":45,"create:mechanical_crafter":18,"minecraft:cod_bucket":1,"ae2:inscriber":14,"cmi:ponder_thermal_gui_blue_icon":1,"tconstruct:seared_bricks":31,"ad_astra:tier_1_rocket":3,"immersiveengineering:coil_hv":63,"create:depot":2,"cmi:aleegos":2,"create:metal_girder":29,"minecraft:cyan_wool":3,"cmi:ponder_thermal_gui_lightblue_icon":3,"minecraft:obsidian":4,"ratatouille:frozen_block":4,"createdeco:andesite_catwalk":164,"create:chute":46,"create_enchantment_industry:printer":6,"rechiseled:redstone_block_bordered_connecting":18,"immersiveengineering:storage_steel":144,"cmi:ponder_thermal_gui_red_icon":1,"minecraft:bookshelf":27,"thermal:electrum_block":99,"cmi:steam_boiler":1,"create:wrench":111,"immersiveengineering:treated_fence":28,"minecraft:red_wool":2,"cmi:ponder_thermal_energy_empty":4,"rechiseledae2:sky_stone_smooth_rotated_bricks_connecting":42,"minecraft:grass_block":169,"ae2:quartz_vibrant_glass":17,"cmi:ponder_thermal_gui_green_icon":1,"create:metal_bracket":2,"createaddition:creative_energy":7,"tconstruct:seared_faucet":1,"create:millstone":3,"minecraft:smooth_quartz":1,"ratatouille:spreader":8,"mekanism:teleporter_frame":73,"ad_astra:iron_factory_block":72,"create:creative_motor":26,"mm:large_steam_boiler":1,"create:andesite_funnel":2,"createaddition:tesla_coil":6,"ad_astra:iron_plating":47,"createdeco:zinc_catwalk":1597,"minecraft:bedrock":2,"cmi:slot1":9,"thermal:fluid_cell":1,"create:polished_cut_calcite":1,"immersiveengineering:slab_steel_scaffolding_standard":1,"immersiveengineering:coil_mv":133,"createdeco:copper_support":6,"create:shaft":765,"mm:steam_ore_processor":1,"immersiveengineering:blastfurnace_preheater":1,"cmi:ponder_thermal_slot_energy":3,"cmi:bronze_casing":8,"pipez:item_pipe":36,"thermal:signalum_block":120,"mekanism:electrolytic_separator":3,"createdieselgenerators:large_diesel_engine":1,"ae2:chiseled_quartz_block":16,"tconstruct:cobalt_ore":5,"tconstruct:scorched_anvil":1,"create:fluid_pipe":140,"immersiveengineering:blastbrick":2,"cmi:ponder_thermal_gui_gray_icon":1,"mekanism:pressurized_reaction_chamber":1,"create:polished_cut_deepslate":37,"create:belt_connector":680,"ad_astra:coal_generator":2,"ae2:chest":3,"thermal:signalum_glass":96,"createdeco:iron_catwalk":1297,"immersiveengineering:cloche":6,"minecraft:mangrove_leaves":1,"ad_astra:etrionic_blast_furnace":1,"pipez:fluid_pipe":24,"immersiveengineering:conveyor_extract":20,"tconstruct:cobalt_block":23,"immersiveengineering:slab_steel_scaffolding_wooden_top":4,"minecraft:water_bucket":6,"cmi:ponder_thermal_machine_front":3,"minecraft:chiseled_bookshelf":22,"cmi:rocket_pattern":12,"create:brass_block":13,"supplementaries:lapis_bricks":11,"minecraft:end_stone_bricks":4,"create:polished_cut_ochrum":5,"immersiveengineering:capacitor_creative":1,"createframed:blue_stained_framed_glass":25,"create:crushing_wheel":6,"rechiseled:obsidian_pillars_connecting":43,"createdieselgenerators:diesel_engine":2,"cmi:ponder_thermal_water":2,"ratatouille:oven_fan":4,"createaddition:connector":6,"immersiveengineering:slab_alu_scaffolding_grate_top":67,"minecraft:lime_wool":3,"cmi:ponder_thermal_arrow":2,"minecraft:oak_planks":54,"minecraft:blue_wool":1,"cmi:the_accelerator_of_mechanism_power":3,"minecraft:cactus":5,"create:brass_tunnel":73,"ad_astra:compressor":1,"ae2:io_port":14,"immersiveengineering:sheetmetal_steel":194,"minecraft:sandstone":32,"create_enchantment_industry:hyper_experience_bottle":11,"ratatouille:oven":33,"ad_astra:iron_plateblock":32,"minecraft:redstone_block":8,"thermal:enderium_block":63,"create:framed_glass_trapdoor":2,"minecraft:purpur_pillar":25,"cmi:green_screen":14,"create:mechanical_saw":21,"create:blaze_burner":12,"minecraft:polished_blackstone_bricks":25,"create:item_drain":2,"create:spout":19,"cmi:ponder_thermal_slot":4,"minecraft:white_wool":1,"cmi:ponder_thermal_energy":4,"createdieselgenerators:huge_diesel_engine":1,"minecraft:sand":65,"vintageimprovements:belt_grinder":6,"create:encased_fan":1,"create:brass_funnel":87,"ae2:quartz_pillar":15,"createaddition:rolling_mill":11,"cmi:fiber_optics":6,"cmi:ponder_thermal_fire":2,"immersiveengineering:biodiesel_bucket":2,"cmi:water_pump":6,"mm:debug_tool":1,"expatternprovider:assembler_matrix_glass":32,"cmi:crucible_base":2,"minecraft:sculk_shrieker":2,"expatternprovider:assembler_matrix_wall":50,"minecraft:end_stone":176,"cmi:ponder_thermal_machine_bottom":33,"rechiseled:obsidian_brick_paving_connecting":5,"ae2:controller":67,"minecraft:small_amethyst_bud":1,"mm:cracker":2,"minecraft:oak_log":16,"create:track":18,"minecraft:sticky_piston":2,"createaddition:alternator":4,"cmi:pressure_resistance_casing":8,"ae2:drive":33,"minecraft:piston":6,"ad_astra:nasa_workbench":3,"immersiveengineering:hammer":123,"mbd2:accelerator":12,"minecraft:diamond_pickaxe":35,"minecraft:black_wool":1,"immersiveengineering:steel_slope":6,"create:mechanical_press":28,"cmi:ponder_thermal_fluid":2,"createdeco:zinc_catwalk_stairs":12,"minecraft:cracked_polished_blackstone_bricks":5,"ae2:quartz_block":119,"thermal:lumium_block":91,"tconstruct:seared_table":5,"ad_astra:encased_iron_block":4,"minecraft:barrier":22,"immersiveengineering:sheetmetal_electrum":29,"mekanism:metallurgic_infuser":8,"createdeco:industrial_iron_support":25,"immersiveengineering:light_engineering":10,"createdeco:brass_catwalk":550,"immersiveengineering:coil_lv":95,"create_enchantment_industry:ink_bucket":2,"minecraft:deepslate":28,"immersiveengineering:slab_storage_electrum":20,"thermal:machine_smelter":8,"thermal:enderium_glass":8,"ad_astra:launch_pad":4,"mekanism:basic_pressurized_tube":8,"mekanism:steel_casing":140,"mekanism:rotary_condensentrator":4,"create:andesite_tunnel":3,"vintageimprovements:vacuum_chamber":3,"minecraft:budding_amethyst":2,"ae2:sky_stone_small_brick":18,"minecraft:yellow_wool":1,"rechiseled:obsidian_bricks_connecting":6,"create:basin":18,"immersiveengineering:sheetmetal_iron":95,"minecraft:end_crystal":26,"minecraft:medium_amethyst_bud":3,"mbd2:mbd_gadgets":5,"minecraft:bucket":1,"create:framed_glass_door":1,"vintageimprovements:spring_coiling_machine":1,"create:hand_crank":6,"immersiveengineering:steel_scaffolding_standard":139,"immersiveengineering:stairs_treated_wood_horizontal":12,"cmi:ponder_thermal_gui":32,"ae2:cut_quartz_block":63,"thermal:sawdust_block":3,"create:vertical_gearbox":11,"minecraft:sculk_catalyst":8,"createdeco:iron_catwalk_stairs":6,"minecraft:experience_bottle":1113}},"DataVersion":3465}