{
	"credit": "Made with Blockbench",
	"textures": {
		"0": "immersiveengineering:block/metal_decoration/steel_casing",
		"1": "immersiveengineering:block/metal_decoration/light_engineering",
		"particle": "immersiveengineering:block/metal_decoration/steel_casing"
	},
	"elements": [
		{
			"from": [2, 2, 2],
			"to": [14, 14, 14],
			"faces": {
				"north": {"uv": [2, 2, 14, 14], "texture": "#0"},
				"east": {"uv": [2, 2, 14, 14], "texture": "#0"},
				"south": {"uv": [2, 2, 14, 14], "texture": "#0"},
				"west": {"uv": [2, 2, 14, 14], "texture": "#0"},
				"up": {"uv": [2, 2, 14, 14], "texture": "#0"},
				"down": {"uv": [2, 2, 14, 14], "texture": "#0"}
			}
		},
		{
			"from": [0, 0, 0],
			"to": [2, 2, 16],
			"faces": {
				"north": {"uv": [14, 14, 16, 16], "texture": "#0"},
				"east": {"uv": [0, 14, 16, 16], "texture": "#0"},
				"south": {"uv": [0, 14, 2, 16], "texture": "#0"},
				"west": {"uv": [0, 14, 16, 16], "texture": "#0"},
				"up": {"uv": [0, 0, 2, 16], "texture": "#0"},
				"down": {"uv": [0, 0, 2, 16], "texture": "#0"}
			}
		},
		{
			"from": [0, 14, 0],
			"to": [2, 16, 16],
			"faces": {
				"north": {"uv": [14, 0, 16, 2], "texture": "#0"},
				"east": {"uv": [0, 0, 16, 2], "texture": "#0"},
				"south": {"uv": [0, 0, 2, 2], "texture": "#0"},
				"west": {"uv": [0, 0, 16, 2], "texture": "#0"},
				"up": {"uv": [0, 0, 2, 16], "texture": "#0"},
				"down": {"uv": [0, 0, 2, 16], "texture": "#0"}
			}
		},
		{
			"from": [14, 0, 0],
			"to": [16, 2, 16],
			"faces": {
				"north": {"uv": [0, 14, 2, 16], "texture": "#0"},
				"east": {"uv": [0, 14, 16, 16], "texture": "#0"},
				"south": {"uv": [14, 14, 16, 16], "texture": "#0"},
				"west": {"uv": [0, 14, 16, 16], "texture": "#0"},
				"up": {"uv": [0, 0, 2, 16], "rotation": 180, "texture": "#0"},
				"down": {"uv": [0, 0, 2, 16], "rotation": 180, "texture": "#0"}
			}
		},
		{
			"from": [14, 14, 0],
			"to": [16, 16, 16],
			"faces": {
				"north": {"uv": [0, 0, 2, 2], "texture": "#0"},
				"east": {"uv": [0, 0, 16, 2], "texture": "#0"},
				"south": {"uv": [14, 0, 16, 2], "texture": "#0"},
				"west": {"uv": [0, 0, 16, 2], "texture": "#0"},
				"up": {"uv": [0, 0, 2, 16], "rotation": 180, "texture": "#0"},
				"down": {"uv": [16, 0, 14, 16], "rotation": 180, "texture": "#0"}
			}
		},
		{
			"from": [2, 0, 0],
			"to": [14, 2, 2],
			"faces": {
				"north": {"uv": [2, 14, 14, 16], "texture": "#0"},
				"south": {"uv": [2, 14, 14, 16], "texture": "#0"},
				"up": {"uv": [2, 0, 14, 2], "texture": "#0"},
				"down": {"uv": [2, 14, 14, 16], "texture": "#0"}
			}
		},
		{
			"from": [2, 0, 14],
			"to": [14, 2, 16],
			"faces": {
				"north": {"uv": [2, 14, 14, 16], "texture": "#0"},
				"south": {"uv": [2, 14, 14, 16], "texture": "#0"},
				"up": {"uv": [2, 0, 14, 2], "rotation": 180, "texture": "#0"},
				"down": {"uv": [2, 2, 14, 0], "rotation": 180, "texture": "#0"}
			}
		},
		{
			"from": [2, 14, 0],
			"to": [14, 16, 2],
			"faces": {
				"north": {"uv": [2, 0, 14, 2], "texture": "#0"},
				"south": {"uv": [2, 16, 14, 14], "texture": "#0"},
				"up": {"uv": [2, 0, 14, 2], "texture": "#0"},
				"down": {"uv": [2, 14, 14, 16], "texture": "#0"}
			}
		},
		{
			"from": [2, 14, 14],
			"to": [14, 16, 16],
			"faces": {
				"north": {"uv": [2, 16, 14, 14], "texture": "#0"},
				"south": {"uv": [2, 0, 14, 2], "texture": "#0"},
				"up": {"uv": [2, 0, 14, 2], "rotation": 180, "texture": "#0"},
				"down": {"uv": [2, 14, 14, 16], "rotation": 180, "texture": "#0"}
			}
		},
		{
			"from": [0, 2, 0],
			"to": [2, 14, 2],
			"faces": {
				"north": {"uv": [14, 2, 16, 14], "texture": "#0"},
				"east": {"uv": [14, 2, 16, 14], "texture": "#0"},
				"south": {"uv": [0, 2, 2, 14], "texture": "#0"},
				"west": {"uv": [0, 2, 2, 14], "texture": "#0"}
			}
		},
		{
			"from": [0, 2, 14],
			"to": [2, 14, 16],
			"faces": {
				"north": {"uv": [14, 2, 16, 14], "texture": "#0"},
				"east": {"uv": [14, 2, 16, 14], "texture": "#0"},
				"south": {"uv": [0, 2, 2, 14], "texture": "#0"},
				"west": {"uv": [14, 2, 16, 14], "texture": "#0"}
			}
		},
		{
			"from": [14, 2, 14],
			"to": [16, 14, 16],
			"faces": {
				"north": {"uv": [0, 2, 2, 14], "texture": "#0"},
				"east": {"uv": [0, 2, 2, 14], "texture": "#0"},
				"south": {"uv": [14, 2, 16, 14], "texture": "#0"},
				"west": {"uv": [14, 2, 16, 14], "texture": "#0"}
			}
		},
		{
			"from": [14, 2, 0],
			"to": [16, 14, 2],
			"faces": {
				"north": {"uv": [0, 2, 2, 14], "texture": "#0"},
				"east": {"uv": [14, 2, 16, 14], "texture": "#0"},
				"south": {"uv": [14, 2, 16, 14], "texture": "#0"},
				"west": {"uv": [14, 2, 16, 14], "texture": "#0"}
			}
		},
		{
			"from": [2, 7, 1],
			"to": [7, 10, 2],
			"faces": {
				"north": {"uv": [12.5, 2, 15, 3.5], "texture": "#1"},
				"east": {"uv": [12.5, 2, 13, 3.5], "texture": "#1"},
				"west": {"uv": [14.5, 2, 15, 3.5], "texture": "#1"},
				"up": {"uv": [12.5, 3, 15, 3.5], "texture": "#1"},
				"down": {"uv": [12.5, 3, 15, 3.5], "texture": "#1"}
			}
		},
		{
			"from": [5, 2, 0.5],
			"to": [8, 7, 2],
			"faces": {
				"north": {"uv": [0, 8, 1.5, 10.5], "texture": "#1"},
				"east": {"uv": [0, 8, 0.5, 10.5], "texture": "#1"},
				"west": {"uv": [1, 8, 1.5, 10.5], "texture": "#1"},
				"up": {"uv": [1.5, 8, 0, 8.5], "texture": "#1"},
				"down": {"uv": [0, 10, 1.5, 10.5], "texture": "#1"}
			}
		},
		{
			"from": [2, 4, 0.5],
			"to": [5, 7, 2],
			"faces": {
				"north": {"uv": [1.5, 8, 3, 9.5], "texture": "#1"},
				"east": {"uv": [1.5, 8, 2, 9.5], "texture": "#1"},
				"west": {"uv": [2.5, 8, 3, 9.5], "texture": "#1"},
				"up": {"uv": [1.5, 8, 3, 8.5], "texture": "#1"},
				"down": {"uv": [1.5, 9, 3, 9.5], "texture": "#1"}
			}
		},
		{
			"from": [10, 10, 0.5],
			"to": [13, 14, 2],
			"faces": {
				"north": {"uv": [0.5, 10.5, 2, 12.5], "texture": "#1"},
				"east": {"uv": [0.5, 10.5, 1, 12.5], "texture": "#1"},
				"west": {"uv": [1.5, 10.5, 2, 12.5], "texture": "#1"},
				"up": {"uv": [2, 10.5, 0.5, 11], "texture": "#1"},
				"down": {"uv": [2, 12, 0.5, 12.5], "texture": "#1"}
			}
		},
		{
			"from": [13, 10, 0.5],
			"to": [14, 13, 2],
			"faces": {
				"north": {"uv": [0, 11, 0.5, 12.5], "texture": "#1"},
				"east": {"uv": [0, 11, 0.5, 12.5], "texture": "#1"},
				"west": {"uv": [0, 11, 0.5, 12.5], "texture": "#1"},
				"up": {"uv": [0.5, 11, 0, 11.5], "texture": "#1"},
				"down": {"uv": [0, 12, 0.5, 12.5], "texture": "#1"}
			}
		},
		{
			"from": [11, 5, 1],
			"to": [14, 10, 2],
			"faces": {
				"north": {"uv": [0, 8, 1.5, 10.5], "rotation": 180, "texture": "#1"},
				"east": {"uv": [1, 8, 1.5, 10.5], "rotation": 180, "texture": "#1"},
				"west": {"uv": [0, 8, 0.5, 10.5], "rotation": 180, "texture": "#1"},
				"up": {"uv": [0, 10, 1.5, 10.5], "rotation": 180, "texture": "#1"},
				"down": {"uv": [1.5, 8, 0, 8.5], "rotation": 180, "texture": "#1"}
			}
		},
		{
			"from": [4, 9, 0.5],
			"to": [8, 13, 2],
			"faces": {
				"north": {"uv": [8, 4.5, 10, 6.5], "texture": "#1"},
				"east": {"uv": [8.5, 4.5, 8, 6.5], "texture": "#1"},
				"west": {"uv": [9.5, 4.5, 10, 6.5], "texture": "#1"},
				"up": {"uv": [10, 4.5, 8, 5], "texture": "#1"},
				"down": {"uv": [8, 6, 10, 6.5], "texture": "#1"}
			}
		},
		{
			"from": [7, 3, 0],
			"to": [13, 9, 2],
			"faces": {
				"north": {"uv": [8, 1.5, 11, 4.5], "texture": "#1"},
				"east": {"uv": [11.5, 3.5, 12.5, 6.5], "texture": "#1"},
				"west": {"uv": [12.5, 3.5, 11.5, 6.5], "texture": "#1"},
				"up": {"uv": [8, 0, 11, 1], "texture": "#1"},
				"down": {"uv": [8, 1, 11, 0], "texture": "#1"}
			}
		},
		{
			"from": [7, 7, 1],
			"to": [10, 14, 2],
			"faces": {
				"north": {"uv": [11, 0, 12.5, 3.5], "texture": "#1"},
				"east": {"uv": [11, 0, 11.5, 3.5], "texture": "#1"},
				"west": {"uv": [12, 0, 12.5, 3.5], "texture": "#1"},
				"up": {"uv": [11, 3, 12.5, 3.5], "texture": "#1"},
				"down": {"uv": [11, 3, 12.5, 3.5], "texture": "#1"}
			}
		},
		{
			"from": [1, 7, 9],
			"to": [2, 10, 14],
			"faces": {
				"north": {"uv": [12.5, 2, 13, 3.5], "texture": "#1"},
				"south": {"uv": [14.5, 2, 15, 3.5], "texture": "#1"},
				"west": {"uv": [12.5, 2, 15, 3.5], "texture": "#1"},
				"up": {"uv": [12.5, 3, 15, 3.5], "rotation": 270, "texture": "#1"},
				"down": {"uv": [12.5, 3, 15, 3.5], "rotation": 90, "texture": "#1"}
			}
		},
		{
			"from": [0.5, 2, 8],
			"to": [2, 7, 11],
			"faces": {
				"north": {"uv": [0, 8, 0.5, 10.5], "texture": "#1"},
				"south": {"uv": [1, 8, 1.5, 10.5], "texture": "#1"},
				"west": {"uv": [0, 8, 1.5, 10.5], "texture": "#1"},
				"up": {"uv": [1.5, 8, 0, 8.5], "rotation": 270, "texture": "#1"},
				"down": {"uv": [0, 10, 1.5, 10.5], "rotation": 90, "texture": "#1"}
			}
		},
		{
			"from": [0.5, 4, 11],
			"to": [2, 7, 14],
			"faces": {
				"north": {"uv": [1.5, 8, 2, 9.5], "texture": "#1"},
				"south": {"uv": [2.5, 8, 3, 9.5], "texture": "#1"},
				"west": {"uv": [1.5, 8, 3, 9.5], "texture": "#1"},
				"up": {"uv": [1.5, 8, 3, 8.5], "rotation": 270, "texture": "#1"},
				"down": {"uv": [1.5, 9, 3, 9.5], "rotation": 90, "texture": "#1"}
			}
		},
		{
			"from": [0.5, 10, 3],
			"to": [2, 14, 6],
			"faces": {
				"north": {"uv": [0.5, 10.5, 1, 12.5], "texture": "#1"},
				"south": {"uv": [1.5, 10.5, 2, 12.5], "texture": "#1"},
				"west": {"uv": [0.5, 10.5, 2, 12.5], "texture": "#1"},
				"up": {"uv": [2, 10.5, 0.5, 11], "rotation": 270, "texture": "#1"},
				"down": {"uv": [2, 12, 0.5, 12.5], "rotation": 90, "texture": "#1"}
			}
		},
		{
			"from": [0.5, 10, 2],
			"to": [2, 13, 3],
			"faces": {
				"north": {"uv": [0, 11, 0.5, 12.5], "texture": "#1"},
				"south": {"uv": [0, 11, 0.5, 12.5], "texture": "#1"},
				"west": {"uv": [0, 11, 0.5, 12.5], "texture": "#1"},
				"up": {"uv": [0.5, 11, 0, 11.5], "rotation": 270, "texture": "#1"},
				"down": {"uv": [0, 12, 0.5, 12.5], "rotation": 90, "texture": "#1"}
			}
		},
		{
			"from": [1, 5, 2],
			"to": [2, 10, 5],
			"faces": {
				"north": {"uv": [1, 8, 1.5, 10.5], "rotation": 180, "texture": "#1"},
				"south": {"uv": [0, 8, 0.5, 10.5], "rotation": 180, "texture": "#1"},
				"west": {"uv": [0, 8, 1.5, 10.5], "rotation": 180, "texture": "#1"},
				"up": {"uv": [0, 10, 1.5, 10.5], "rotation": 90, "texture": "#1"},
				"down": {"uv": [1.5, 8, 0, 8.5], "rotation": 270, "texture": "#1"}
			}
		},
		{
			"from": [0.5, 9, 8],
			"to": [2, 13, 12],
			"faces": {
				"north": {"uv": [8.5, 4.5, 8, 6.5], "texture": "#1"},
				"south": {"uv": [9.5, 4.5, 10, 6.5], "texture": "#1"},
				"west": {"uv": [8, 4.5, 10, 6.5], "texture": "#1"},
				"up": {"uv": [10, 4.5, 8, 5], "rotation": 270, "texture": "#1"},
				"down": {"uv": [8, 6, 10, 6.5], "rotation": 90, "texture": "#1"}
			}
		},
		{
			"from": [0, 3, 3],
			"to": [2, 9, 9],
			"faces": {
				"north": {"uv": [11.5, 3.5, 12.5, 6.5], "texture": "#1"},
				"south": {"uv": [12.5, 3.5, 11.5, 6.5], "texture": "#1"},
				"west": {"uv": [8, 1.5, 11, 4.5], "texture": "#1"},
				"up": {"uv": [8, 0, 11, 1], "rotation": 270, "texture": "#1"},
				"down": {"uv": [8, 1, 11, 0], "rotation": 90, "texture": "#1"}
			}
		},
		{
			"from": [1, 7, 6],
			"to": [2, 14, 9],
			"faces": {
				"north": {"uv": [11, 0, 11.5, 3.5], "texture": "#1"},
				"south": {"uv": [12, 0, 12.5, 3.5], "texture": "#1"},
				"west": {"uv": [11, 0, 12.5, 3.5], "texture": "#1"},
				"up": {"uv": [11, 3, 12.5, 3.5], "rotation": 270, "texture": "#1"},
				"down": {"uv": [11, 3, 12.5, 3.5], "rotation": 90, "texture": "#1"}
			}
		},
		{
			"from": [9, 7, 14],
			"to": [14, 10, 15],
			"faces": {
				"east": {"uv": [14.5, 2, 15, 3.5], "texture": "#1"},
				"south": {"uv": [12.5, 2, 15, 3.5], "texture": "#1"},
				"west": {"uv": [12.5, 2, 13, 3.5], "texture": "#1"},
				"up": {"uv": [12.5, 3, 15, 3.5], "rotation": 180, "texture": "#1"},
				"down": {"uv": [12.5, 3, 15, 3.5], "rotation": 180, "texture": "#1"}
			}
		},
		{
			"from": [8, 2, 14],
			"to": [11, 7, 15.5],
			"faces": {
				"east": {"uv": [1, 8, 1.5, 10.5], "texture": "#1"},
				"south": {"uv": [0, 8, 1.5, 10.5], "texture": "#1"},
				"west": {"uv": [0, 8, 0.5, 10.5], "texture": "#1"},
				"up": {"uv": [1.5, 8, 0, 8.5], "rotation": 180, "texture": "#1"},
				"down": {"uv": [0, 10, 1.5, 10.5], "rotation": 180, "texture": "#1"}
			}
		},
		{
			"from": [11, 4, 14],
			"to": [14, 7, 15.5],
			"faces": {
				"east": {"uv": [2.5, 8, 3, 9.5], "texture": "#1"},
				"south": {"uv": [1.5, 8, 3, 9.5], "texture": "#1"},
				"west": {"uv": [1.5, 8, 2, 9.5], "texture": "#1"},
				"up": {"uv": [1.5, 8, 3, 8.5], "rotation": 180, "texture": "#1"},
				"down": {"uv": [1.5, 9, 3, 9.5], "rotation": 180, "texture": "#1"}
			}
		},
		{
			"from": [3, 10, 14],
			"to": [6, 14, 15.5],
			"faces": {
				"east": {"uv": [1.5, 10.5, 2, 12.5], "texture": "#1"},
				"south": {"uv": [0.5, 10.5, 2, 12.5], "texture": "#1"},
				"west": {"uv": [0.5, 10.5, 1, 12.5], "texture": "#1"},
				"up": {"uv": [2, 10.5, 0.5, 11], "rotation": 180, "texture": "#1"},
				"down": {"uv": [2, 12, 0.5, 12.5], "rotation": 180, "texture": "#1"}
			}
		},
		{
			"from": [2, 10, 14],
			"to": [3, 13, 15.5],
			"faces": {
				"east": {"uv": [0, 11, 0.5, 12.5], "texture": "#1"},
				"south": {"uv": [0, 11, 0.5, 12.5], "texture": "#1"},
				"west": {"uv": [0, 11, 0.5, 12.5], "texture": "#1"},
				"up": {"uv": [0.5, 11, 0, 11.5], "rotation": 180, "texture": "#1"},
				"down": {"uv": [0, 12, 0.5, 12.5], "rotation": 180, "texture": "#1"}
			}
		},
		{
			"from": [2, 5, 14],
			"to": [5, 10, 15],
			"faces": {
				"east": {"uv": [0, 8, 0.5, 10.5], "rotation": 180, "texture": "#1"},
				"south": {"uv": [0, 8, 1.5, 10.5], "rotation": 180, "texture": "#1"},
				"west": {"uv": [1, 8, 1.5, 10.5], "rotation": 180, "texture": "#1"},
				"up": {"uv": [0, 10, 1.5, 10.5], "texture": "#1"},
				"down": {"uv": [1.5, 8, 0, 8.5], "texture": "#1"}
			}
		},
		{
			"from": [8, 9, 14],
			"to": [12, 13, 15.5],
			"faces": {
				"east": {"uv": [9.5, 4.5, 10, 6.5], "texture": "#1"},
				"south": {"uv": [8, 4.5, 10, 6.5], "texture": "#1"},
				"west": {"uv": [8.5, 4.5, 8, 6.5], "texture": "#1"},
				"up": {"uv": [10, 4.5, 8, 5], "rotation": 180, "texture": "#1"},
				"down": {"uv": [8, 6, 10, 6.5], "rotation": 180, "texture": "#1"}
			}
		},
		{
			"from": [3, 3, 14],
			"to": [9, 9, 16],
			"faces": {
				"east": {"uv": [12.5, 3.5, 11.5, 6.5], "texture": "#1"},
				"south": {"uv": [8, 1.5, 11, 4.5], "texture": "#1"},
				"west": {"uv": [11.5, 3.5, 12.5, 6.5], "texture": "#1"},
				"up": {"uv": [8, 0, 11, 1], "rotation": 180, "texture": "#1"},
				"down": {"uv": [8, 1, 11, 0], "rotation": 180, "texture": "#1"}
			}
		},
		{
			"from": [6, 7, 14],
			"to": [9, 14, 15],
			"faces": {
				"east": {"uv": [12, 0, 12.5, 3.5], "texture": "#1"},
				"south": {"uv": [11, 0, 12.5, 3.5], "texture": "#1"},
				"west": {"uv": [11, 0, 11.5, 3.5], "texture": "#1"},
				"up": {"uv": [11, 3, 12.5, 3.5], "rotation": 180, "texture": "#1"},
				"down": {"uv": [11, 3, 12.5, 3.5], "rotation": 180, "texture": "#1"}
			}
		},
		{
			"from": [14, 7, 2],
			"to": [15, 10, 7],
			"faces": {
				"north": {"uv": [14.5, 2, 15, 3.5], "texture": "#1"},
				"east": {"uv": [12.5, 2, 15, 3.5], "texture": "#1"},
				"south": {"uv": [12.5, 2, 13, 3.5], "texture": "#1"},
				"up": {"uv": [12.5, 3, 15, 3.5], "rotation": 90, "texture": "#1"},
				"down": {"uv": [12.5, 3, 15, 3.5], "rotation": 270, "texture": "#1"}
			}
		},
		{
			"from": [14, 2, 5],
			"to": [15.5, 7, 8],
			"faces": {
				"north": {"uv": [1, 8, 1.5, 10.5], "texture": "#1"},
				"east": {"uv": [0, 8, 1.5, 10.5], "texture": "#1"},
				"south": {"uv": [0, 8, 0.5, 10.5], "texture": "#1"},
				"up": {"uv": [1.5, 8, 0, 8.5], "rotation": 90, "texture": "#1"},
				"down": {"uv": [0, 10, 1.5, 10.5], "rotation": 270, "texture": "#1"}
			}
		},
		{
			"from": [14, 4, 2],
			"to": [15.5, 7, 5],
			"faces": {
				"north": {"uv": [2.5, 8, 3, 9.5], "texture": "#1"},
				"east": {"uv": [1.5, 8, 3, 9.5], "texture": "#1"},
				"south": {"uv": [1.5, 8, 2, 9.5], "texture": "#1"},
				"up": {"uv": [1.5, 8, 3, 8.5], "rotation": 90, "texture": "#1"},
				"down": {"uv": [1.5, 9, 3, 9.5], "rotation": 270, "texture": "#1"}
			}
		},
		{
			"from": [14, 10, 10],
			"to": [15.5, 14, 13],
			"faces": {
				"north": {"uv": [1.5, 10.5, 2, 12.5], "texture": "#1"},
				"east": {"uv": [0.5, 10.5, 2, 12.5], "texture": "#1"},
				"south": {"uv": [0.5, 10.5, 1, 12.5], "texture": "#1"},
				"up": {"uv": [2, 10.5, 0.5, 11], "rotation": 90, "texture": "#1"},
				"down": {"uv": [2, 12, 0.5, 12.5], "rotation": 270, "texture": "#1"}
			}
		},
		{
			"from": [14, 10, 13],
			"to": [15.5, 13, 14],
			"faces": {
				"north": {"uv": [0, 11, 0.5, 12.5], "texture": "#1"},
				"east": {"uv": [0, 11, 0.5, 12.5], "texture": "#1"},
				"south": {"uv": [0, 11, 0.5, 12.5], "texture": "#1"},
				"up": {"uv": [0.5, 11, 0, 11.5], "rotation": 90, "texture": "#1"},
				"down": {"uv": [0, 12, 0.5, 12.5], "rotation": 270, "texture": "#1"}
			}
		},
		{
			"from": [14, 5, 11],
			"to": [15, 10, 14],
			"faces": {
				"north": {"uv": [0, 8, 0.5, 10.5], "rotation": 180, "texture": "#1"},
				"east": {"uv": [0, 8, 1.5, 10.5], "rotation": 180, "texture": "#1"},
				"south": {"uv": [1, 8, 1.5, 10.5], "rotation": 180, "texture": "#1"},
				"up": {"uv": [0, 10, 1.5, 10.5], "rotation": 270, "texture": "#1"},
				"down": {"uv": [1.5, 8, 0, 8.5], "rotation": 90, "texture": "#1"}
			}
		},
		{
			"from": [14, 9, 4],
			"to": [15.5, 13, 8],
			"faces": {
				"north": {"uv": [9.5, 4.5, 10, 6.5], "texture": "#1"},
				"east": {"uv": [8, 4.5, 10, 6.5], "texture": "#1"},
				"south": {"uv": [8.5, 4.5, 8, 6.5], "texture": "#1"},
				"up": {"uv": [10, 4.5, 8, 5], "rotation": 90, "texture": "#1"},
				"down": {"uv": [8, 6, 10, 6.5], "rotation": 270, "texture": "#1"}
			}
		},
		{
			"from": [14, 3, 7],
			"to": [16, 9, 13],
			"faces": {
				"north": {"uv": [12.5, 3.5, 11.5, 6.5], "texture": "#1"},
				"east": {"uv": [8, 1.5, 11, 4.5], "texture": "#1"},
				"south": {"uv": [11.5, 3.5, 12.5, 6.5], "texture": "#1"},
				"up": {"uv": [8, 0, 11, 1], "rotation": 90, "texture": "#1"},
				"down": {"uv": [8, 1, 11, 0], "rotation": 270, "texture": "#1"}
			}
		},
		{
			"from": [14, 7, 7],
			"to": [15, 14, 10],
			"faces": {
				"north": {"uv": [12, 0, 12.5, 3.5], "texture": "#1"},
				"east": {"uv": [11, 0, 12.5, 3.5], "texture": "#1"},
				"south": {"uv": [11, 0, 11.5, 3.5], "texture": "#1"},
				"up": {"uv": [11, 3, 12.5, 3.5], "rotation": 90, "texture": "#1"},
				"down": {"uv": [11, 3, 12.5, 3.5], "rotation": 270, "texture": "#1"}
			}
		},
		{
			"from": [9, 14, 6],
			"to": [14, 15, 9],
			"faces": {
				"north": {"uv": [12.5, 3, 15, 3.5], "texture": "#1"},
				"east": {"uv": [14.5, 2, 15, 3.5], "rotation": 90, "texture": "#1"},
				"south": {"uv": [12.5, 3, 15, 3.5], "rotation": 180, "texture": "#1"},
				"west": {"uv": [12.5, 2, 13, 3.5], "rotation": 270, "texture": "#1"},
				"up": {"uv": [12.5, 2, 15, 3.5], "texture": "#1"}
			}
		},
		{
			"from": [8, 14, 9],
			"to": [11, 15.5, 14],
			"faces": {
				"north": {"uv": [1.5, 8, 0, 8.5], "texture": "#1"},
				"east": {"uv": [1, 8, 1.5, 10.5], "rotation": 90, "texture": "#1"},
				"south": {"uv": [0, 10, 1.5, 10.5], "rotation": 180, "texture": "#1"},
				"west": {"uv": [0, 8, 0.5, 10.5], "rotation": 270, "texture": "#1"},
				"up": {"uv": [0, 8, 1.5, 10.5], "texture": "#1"}
			}
		},
		{
			"from": [11, 14, 9],
			"to": [14, 15.5, 12],
			"faces": {
				"north": {"uv": [1.5, 8, 3, 8.5], "texture": "#1"},
				"east": {"uv": [2.5, 8, 3, 9.5], "rotation": 90, "texture": "#1"},
				"south": {"uv": [1.5, 9, 3, 9.5], "rotation": 180, "texture": "#1"},
				"west": {"uv": [1.5, 8, 2, 9.5], "rotation": 270, "texture": "#1"},
				"up": {"uv": [1.5, 8, 3, 9.5], "texture": "#1"}
			}
		},
		{
			"from": [3, 14, 2],
			"to": [6, 15.5, 6],
			"faces": {
				"north": {"uv": [2, 10.5, 0.5, 11], "texture": "#1"},
				"east": {"uv": [1.5, 10.5, 2, 12.5], "rotation": 90, "texture": "#1"},
				"south": {"uv": [2, 12, 0.5, 12.5], "rotation": 180, "texture": "#1"},
				"west": {"uv": [0.5, 10.5, 1, 12.5], "rotation": 270, "texture": "#1"},
				"up": {"uv": [0.5, 10.5, 2, 12.5], "texture": "#1"}
			}
		},
		{
			"from": [2, 14, 3],
			"to": [3, 15.5, 6],
			"faces": {
				"north": {"uv": [0.5, 11, 0, 11.5], "texture": "#1"},
				"east": {"uv": [0, 11, 0.5, 12.5], "rotation": 90, "texture": "#1"},
				"south": {"uv": [0, 12, 0.5, 12.5], "rotation": 180, "texture": "#1"},
				"west": {"uv": [0, 11, 0.5, 12.5], "rotation": 270, "texture": "#1"},
				"up": {"uv": [0, 11, 0.5, 12.5], "texture": "#1"}
			}
		},
		{
			"from": [2, 14, 6],
			"to": [5, 15, 11],
			"faces": {
				"north": {"uv": [0, 10, 1.5, 10.5], "rotation": 180, "texture": "#1"},
				"east": {"uv": [0, 8, 0.5, 10.5], "rotation": 270, "texture": "#1"},
				"south": {"uv": [1.5, 8, 0, 8.5], "texture": "#1"},
				"west": {"uv": [1, 8, 1.5, 10.5], "rotation": 90, "texture": "#1"},
				"up": {"uv": [0, 8, 1.5, 10.5], "rotation": 180, "texture": "#1"}
			}
		},
		{
			"from": [8, 14, 3],
			"to": [12, 15.5, 7],
			"faces": {
				"north": {"uv": [10, 4.5, 8, 5], "texture": "#1"},
				"east": {"uv": [9.5, 4.5, 10, 6.5], "rotation": 90, "texture": "#1"},
				"south": {"uv": [8, 6, 10, 6.5], "rotation": 180, "texture": "#1"},
				"west": {"uv": [8.5, 4.5, 8, 6.5], "rotation": 270, "texture": "#1"},
				"up": {"uv": [8, 4.5, 10, 6.5], "texture": "#1"}
			}
		},
		{
			"from": [3, 14, 7],
			"to": [9, 16, 13],
			"faces": {
				"north": {"uv": [8, 0, 11, 1], "texture": "#1"},
				"east": {"uv": [12.5, 3.5, 11.5, 6.5], "rotation": 90, "texture": "#1"},
				"south": {"uv": [8, 1, 11, 0], "rotation": 180, "texture": "#1"},
				"west": {"uv": [11.5, 3.5, 12.5, 6.5], "rotation": 270, "texture": "#1"},
				"up": {"uv": [8, 1.5, 11, 4.5], "texture": "#1"}
			}
		},
		{
			"from": [6, 14, 2],
			"to": [9, 15, 9],
			"faces": {
				"north": {"uv": [11, 3, 12.5, 3.5], "texture": "#1"},
				"east": {"uv": [12, 0, 12.5, 3.5], "rotation": 90, "texture": "#1"},
				"south": {"uv": [11, 3, 12.5, 3.5], "rotation": 180, "texture": "#1"},
				"west": {"uv": [11, 0, 11.5, 3.5], "rotation": 270, "texture": "#1"},
				"up": {"uv": [11, 0, 12.5, 3.5], "texture": "#1"}
			}
		},
		{
			"from": [2, 1, 6],
			"to": [7, 2, 9],
			"faces": {
				"north": {"uv": [12.5, 3, 15, 3.5], "rotation": 180, "texture": "#1"},
				"east": {"uv": [12.5, 2, 13, 3.5], "rotation": 90, "texture": "#1"},
				"south": {"uv": [12.5, 3, 15, 3.5], "texture": "#1"},
				"west": {"uv": [14.5, 2, 15, 3.5], "rotation": 270, "texture": "#1"},
				"down": {"uv": [12.5, 2, 15, 3.5], "rotation": 180, "texture": "#1"}
			}
		},
		{
			"from": [5, 0.5, 9],
			"to": [8, 2, 14],
			"faces": {
				"north": {"uv": [1.5, 8, 0, 8.5], "rotation": 180, "texture": "#1"},
				"east": {"uv": [0, 8, 0.5, 10.5], "rotation": 90, "texture": "#1"},
				"south": {"uv": [0, 10, 1.5, 10.5], "texture": "#1"},
				"west": {"uv": [1, 8, 1.5, 10.5], "rotation": 270, "texture": "#1"},
				"down": {"uv": [0, 8, 1.5, 10.5], "rotation": 180, "texture": "#1"}
			}
		},
		{
			"from": [2, 0.5, 9],
			"to": [5, 2, 12],
			"faces": {
				"north": {"uv": [1.5, 8, 3, 8.5], "rotation": 180, "texture": "#1"},
				"east": {"uv": [1.5, 8, 2, 9.5], "rotation": 90, "texture": "#1"},
				"south": {"uv": [1.5, 9, 3, 9.5], "texture": "#1"},
				"west": {"uv": [2.5, 8, 3, 9.5], "rotation": 270, "texture": "#1"},
				"down": {"uv": [1.5, 8, 3, 9.5], "rotation": 180, "texture": "#1"}
			}
		},
		{
			"from": [10, 0.5, 2],
			"to": [13, 2, 6],
			"faces": {
				"north": {"uv": [2, 10.5, 0.5, 11], "rotation": 180, "texture": "#1"},
				"east": {"uv": [0.5, 10.5, 1, 12.5], "rotation": 90, "texture": "#1"},
				"south": {"uv": [2, 12, 0.5, 12.5], "texture": "#1"},
				"west": {"uv": [1.5, 10.5, 2, 12.5], "rotation": 270, "texture": "#1"},
				"down": {"uv": [0.5, 10.5, 2, 12.5], "rotation": 180, "texture": "#1"}
			}
		},
		{
			"from": [13, 0.5, 3],
			"to": [14, 2, 6],
			"faces": {
				"north": {"uv": [0.5, 11, 0, 11.5], "rotation": 180, "texture": "#1"},
				"east": {"uv": [0, 11, 0.5, 12.5], "rotation": 90, "texture": "#1"},
				"south": {"uv": [0, 12, 0.5, 12.5], "texture": "#1"},
				"west": {"uv": [0, 11, 0.5, 12.5], "rotation": 270, "texture": "#1"},
				"down": {"uv": [0, 11, 0.5, 12.5], "rotation": 180, "texture": "#1"}
			}
		},
		{
			"from": [11, 1, 6],
			"to": [14, 2, 11],
			"faces": {
				"north": {"uv": [0, 10, 1.5, 10.5], "texture": "#1"},
				"east": {"uv": [1, 8, 1.5, 10.5], "rotation": 270, "texture": "#1"},
				"south": {"uv": [1.5, 8, 0, 8.5], "rotation": 180, "texture": "#1"},
				"west": {"uv": [0, 8, 0.5, 10.5], "rotation": 90, "texture": "#1"},
				"down": {"uv": [0, 8, 1.5, 10.5], "texture": "#1"}
			}
		},
		{
			"from": [4, 0.5, 3],
			"to": [8, 2, 7],
			"faces": {
				"north": {"uv": [10, 4.5, 8, 5], "rotation": 180, "texture": "#1"},
				"east": {"uv": [8.5, 4.5, 8, 6.5], "rotation": 90, "texture": "#1"},
				"south": {"uv": [8, 6, 10, 6.5], "texture": "#1"},
				"west": {"uv": [9.5, 4.5, 10, 6.5], "rotation": 270, "texture": "#1"},
				"down": {"uv": [8, 4.5, 10, 6.5], "rotation": 180, "texture": "#1"}
			}
		},
		{
			"from": [7, 0, 7],
			"to": [13, 2, 13],
			"faces": {
				"north": {"uv": [8, 0, 11, 1], "rotation": 180, "texture": "#1"},
				"east": {"uv": [11.5, 3.5, 12.5, 6.5], "rotation": 90, "texture": "#1"},
				"south": {"uv": [8, 1, 11, 0], "texture": "#1"},
				"west": {"uv": [12.5, 3.5, 11.5, 6.5], "rotation": 270, "texture": "#1"},
				"down": {"uv": [8, 1.5, 11, 4.5], "rotation": 180, "texture": "#1"}
			}
		},
		{
			"from": [7, 1, 2],
			"to": [10, 2, 9],
			"faces": {
				"north": {"uv": [11, 3, 12.5, 3.5], "rotation": 180, "texture": "#1"},
				"east": {"uv": [11, 0, 11.5, 3.5], "rotation": 90, "texture": "#1"},
				"south": {"uv": [11, 3, 12.5, 3.5], "texture": "#1"},
				"west": {"uv": [12, 0, 12.5, 3.5], "rotation": 270, "texture": "#1"},
				"down": {"uv": [11, 0, 12.5, 3.5], "rotation": 180, "texture": "#1"}
			}
		}
	],
	"display": {
		"thirdperson_righthand": {
			"rotation": [75, 45, 0],
			"translation": [0, 2.5, 0],
			"scale": [0.375, 0.375, 0.375]
		},
		"thirdperson_lefthand": {
			"rotation": [75, 45, 0],
			"translation": [0, 2.5, 0],
			"scale": [0.375, 0.375, 0.375]
		},
		"firstperson_righthand": {
			"rotation": [0, 45, 0],
			"scale": [0.4, 0.4, 0.4]
		},
		"firstperson_lefthand": {
			"rotation": [0, 225, 0],
			"scale": [0.4, 0.4, 0.4]
		},
		"ground": {
			"translation": [0, 3, 0],
			"scale": [0.25, 0.25, 0.25]
		},
		"gui": {
			"rotation": [30, 225, 0],
			"scale": [0.625, 0.625, 0.625]
		},
		"fixed": {
			"scale": [0.5, 0.5, 0.5]
		}
	},
	"groups": [
		0,
		1,
		2,
		3,
		4,
		5,
		6,
		7,
		8,
		9,
		10,
		11,
		12,
		{
			"name": "group",
			"origin": [0, 0, 0],
			"color": 0,
			"children": [13, 14, 15, 16, 17, 18, 19, 20, 21]
		},
		{
			"name": "group",
			"origin": [0, 0, 0],
			"color": 0,
			"children": [22, 23, 24, 25, 26, 27, 28, 29, 30]
		},
		31,
		32,
		33,
		34,
		35,
		36,
		37,
		38,
		39,
		40,
		41,
		42,
		43,
		44,
		45,
		46,
		47,
		48,
		49,
		50,
		51,
		52,
		53,
		54,
		55,
		56,
		57,
		58,
		59,
		60,
		61,
		62,
		63,
		64,
		65,
		66
	]
}