{
	"credit": "Made with Blockbench",
	"textures": {
		"1": "immersiveengineering:block/metal_decoration/radiator"
	},
	"elements": [
		{
			"from": [0, 0, 0],
			"to": [2, 2, 16],
			"faces": {
				"north": {"uv": [7, 7, 8, 8], "texture": "#1"},
				"east": {"uv": [0, 0, 8, 1], "texture": "#1"},
				"south": {"uv": [0, 7, 1, 8], "texture": "#1"},
				"west": {"uv": [0, 7, 8, 8], "texture": "#1"},
				"up": {"uv": [7, 0, 8, 8], "texture": "#1"},
				"down": {"uv": [0, 0, 1, 8], "texture": "#1"}
			}
		},
		{
			"from": [0, 14, 0],
			"to": [2, 16, 16],
			"faces": {
				"north": {"uv": [7, 0, 8, 1], "texture": "#1"},
				"east": {"uv": [0, 7, 8, 8], "texture": "#1"},
				"south": {"uv": [0, 0, 1, 1], "texture": "#1"},
				"west": {"uv": [0, 0, 8, 1], "texture": "#1"},
				"up": {"uv": [0, 0, 1, 8], "texture": "#1"},
				"down": {"uv": [7, 0, 8, 8], "texture": "#1"}
			}
		},
		{
			"from": [14, 0, 0],
			"to": [16, 2, 16],
			"faces": {
				"north": {"uv": [0, 7, 1, 8], "texture": "#1"},
				"east": {"uv": [0, 7, 8, 8], "texture": "#1"},
				"south": {"uv": [7, 7, 8, 8], "texture": "#1"},
				"west": {"uv": [0, 0, 8, 1], "texture": "#1"},
				"up": {"uv": [7, 1, 8, 7], "rotation": 180, "texture": "#1"},
				"down": {"uv": [7, 0, 8, 8], "texture": "#1"}
			}
		},
		{
			"from": [14, 14, 0],
			"to": [16, 16, 16],
			"faces": {
				"north": {"uv": [0, 0, 1, 1], "texture": "#1"},
				"east": {"uv": [0, 0, 8, 1], "texture": "#1"},
				"south": {"uv": [7, 0, 8, 1], "texture": "#1"},
				"west": {"uv": [0, 7, 8, 8], "texture": "#1"},
				"up": {"uv": [7, 0, 8, 8], "texture": "#1"},
				"down": {"uv": [1, 0, 0, 8], "rotation": 180, "texture": "#1"}
			}
		},
		{
			"from": [2, 0, 0],
			"to": [14, 2, 2],
			"faces": {
				"north": {"uv": [1, 7, 7, 8], "texture": "#1"},
				"south": {"uv": [1, 0, 7, 1], "texture": "#1"},
				"up": {"uv": [1, 7, 7, 8], "texture": "#1"},
				"down": {"uv": [1, 8, 7, 7], "rotation": 180, "texture": "#1"}
			}
		},
		{
			"from": [2, 0, 14],
			"to": [14, 2, 16],
			"faces": {
				"north": {"uv": [1, 0, 7, 1], "texture": "#1"},
				"south": {"uv": [1, 7, 7, 8], "texture": "#1"},
				"up": {"uv": [1, 7, 7, 8], "rotation": 180, "texture": "#1"},
				"down": {"uv": [1, 1, 7, 0], "rotation": 180, "texture": "#1"}
			}
		},
		{
			"from": [2, 14, 0],
			"to": [14, 16, 2],
			"faces": {
				"north": {"uv": [1, 0, 7, 1], "texture": "#1"},
				"south": {"uv": [1, 7, 7, 8], "texture": "#1"},
				"up": {"uv": [1, 1, 7, 0], "rotation": 180, "texture": "#1"},
				"down": {"uv": [1, 0, 7, 1], "texture": "#1"}
			}
		},
		{
			"from": [2, 14, 14],
			"to": [14, 16, 16],
			"faces": {
				"north": {"uv": [1, 7, 7, 8], "texture": "#1"},
				"south": {"uv": [1, 0, 7, 1], "texture": "#1"},
				"up": {"uv": [1, 8, 7, 7], "rotation": 180, "texture": "#1"},
				"down": {"uv": [1, 7, 7, 8], "texture": "#1"}
			}
		},
		{
			"from": [0, 2, 0],
			"to": [2, 14, 2],
			"faces": {
				"north": {"uv": [7, 1, 8, 7], "texture": "#1"},
				"east": {"uv": [0, 1, 1, 7], "texture": "#1"},
				"south": {"uv": [7, 1, 8, 7], "texture": "#1"},
				"west": {"uv": [0, 1, 1, 7], "texture": "#1"}
			}
		},
		{
			"from": [0, 2, 14],
			"to": [2, 14, 16],
			"faces": {
				"north": {"uv": [0, 1, 1, 7], "texture": "#1"},
				"east": {"uv": [7, 1, 8, 7], "texture": "#1"},
				"south": {"uv": [0, 1, 1, 7], "texture": "#1"},
				"west": {"uv": [7, 1, 8, 7], "texture": "#1"}
			}
		},
		{
			"from": [14, 2, 14],
			"to": [16, 14, 16],
			"faces": {
				"north": {"uv": [7, 1, 8, 7], "texture": "#1"},
				"east": {"uv": [0, 1, 1, 7], "texture": "#1"},
				"south": {"uv": [7, 1, 8, 7], "texture": "#1"},
				"west": {"uv": [0, 1, 1, 7], "texture": "#1"}
			}
		},
		{
			"from": [14, 2, 0],
			"to": [16, 14, 2],
			"faces": {
				"north": {"uv": [0, 1, 1, 7], "texture": "#1"},
				"east": {"uv": [7, 1, 8, 7], "texture": "#1"},
				"south": {"uv": [0, 1, 1, 7], "texture": "#1"},
				"west": {"uv": [7, 1, 8, 7], "texture": "#1"}
			}
		},
		{
			"from": [2, 2, 2],
			"to": [14, 14, 14],
			"faces": {
				"north": {"uv": [1, 1, 7, 7], "texture": "#1"},
				"east": {"uv": [1, 1, 7, 7], "texture": "#1"},
				"south": {"uv": [1, 1, 7, 7], "texture": "#1"},
				"west": {"uv": [1, 1, 7, 7], "texture": "#1"},
				"up": {"uv": [1, 1, 7, 7], "texture": "#1"},
				"down": {"uv": [1, 1, 7, 7], "texture": "#1"}
			}
		},
		{
			"from": [12.5, 14, 2],
			"to": [13.5, 16, 14],
			"faces": {
				"east": {"uv": [1, 10.5, 7, 11.5], "texture": "#1", "cullface": "west", "tintindex": 0},
				"west": {"uv": [1, 10.5, 7, 11.5], "texture": "#1", "cullface": "west", "tintindex": 0},
				"up": {"uv": [1, 10, 7, 10.5], "rotation": 90, "texture": "#1", "tintindex": 0}
			}
		},
		{
			"from": [2, 14, 7],
			"to": [14, 15, 9],
			"faces": {
				"north": {"uv": [8.5, 5, 15.5, 5.5], "texture": "#1", "tintindex": 0},
				"south": {"uv": [9, 5, 15, 5.5], "texture": "#1", "tintindex": 0},
				"up": {"uv": [9, 4, 15, 5], "texture": "#1", "tintindex": 0}
			}
		},
		{
			"from": [2, 14, 3],
			"to": [14, 15, 5],
			"faces": {
				"north": {"uv": [8.5, 5, 15.5, 5.5], "texture": "#1", "tintindex": 0},
				"south": {"uv": [9, 5, 15, 5.5], "texture": "#1", "tintindex": 0},
				"up": {"uv": [9, 4, 15, 5], "texture": "#1", "tintindex": 0}
			}
		},
		{
			"from": [2, 14, 11],
			"to": [14, 15, 13],
			"faces": {
				"north": {"uv": [8.5, 5, 15.5, 5.5], "texture": "#1", "tintindex": 0},
				"south": {"uv": [9, 5, 15, 5.5], "texture": "#1", "tintindex": 0},
				"up": {"uv": [9, 4, 15, 5], "texture": "#1", "tintindex": 0}
			}
		},
		{
			"from": [10.5, 14, 2],
			"to": [11.5, 16, 14],
			"faces": {
				"east": {"uv": [1, 10.5, 7, 11.5], "texture": "#1", "cullface": "west", "tintindex": 0},
				"west": {"uv": [1, 10.5, 7, 11.5], "texture": "#1", "cullface": "west", "tintindex": 0},
				"up": {"uv": [1, 10, 7, 10.5], "rotation": 90, "texture": "#1", "tintindex": 0}
			}
		},
		{
			"from": [8.5, 14, 2],
			"to": [9.5, 16, 14],
			"faces": {
				"east": {"uv": [1, 10.5, 7, 11.5], "texture": "#1", "cullface": "west", "tintindex": 0},
				"west": {"uv": [1, 10.5, 7, 11.5], "texture": "#1", "cullface": "west", "tintindex": 0},
				"up": {"uv": [1, 10, 7, 10.5], "rotation": 90, "texture": "#1", "tintindex": 0}
			}
		},
		{
			"from": [2.5, 14, 2],
			"to": [3.5, 16, 14],
			"faces": {
				"east": {"uv": [1, 10.5, 7, 11.5], "texture": "#1", "cullface": "west", "tintindex": 0},
				"west": {"uv": [1, 10.5, 7, 11.5], "texture": "#1", "cullface": "west", "tintindex": 0},
				"up": {"uv": [1, 10, 7, 10.5], "rotation": 90, "texture": "#1", "tintindex": 0}
			}
		},
		{
			"from": [4.5, 14, 2],
			"to": [5.5, 16, 14],
			"faces": {
				"east": {"uv": [1, 10.5, 7, 11.5], "texture": "#1", "cullface": "west", "tintindex": 0},
				"west": {"uv": [1, 10.5, 7, 11.5], "texture": "#1", "cullface": "west", "tintindex": 0},
				"up": {"uv": [1, 10, 7, 10.5], "rotation": 90, "texture": "#1", "tintindex": 0}
			}
		},
		{
			"from": [6.5, 14, 2],
			"to": [7.5, 16, 14],
			"faces": {
				"east": {"uv": [1, 10.5, 7, 11.5], "texture": "#1", "cullface": "west", "tintindex": 0},
				"west": {"uv": [1, 10.5, 7, 11.5], "texture": "#1", "cullface": "west", "tintindex": 0},
				"up": {"uv": [1, 10, 7, 10.5], "rotation": 90, "texture": "#1", "tintindex": 0}
			}
		},
		{
			"from": [12.5, 2, 0],
			"to": [13.5, 14, 2],
			"faces": {
				"north": {"uv": [1, 10, 7, 10.5], "rotation": 270, "texture": "#1", "tintindex": 0},
				"east": {"uv": [1, 10.5, 7, 11.5], "rotation": 90, "texture": "#1", "cullface": "west", "tintindex": 0},
				"west": {"uv": [1, 10.5, 7, 11.5], "rotation": 270, "texture": "#1", "cullface": "west", "tintindex": 0}
			}
		},
		{
			"from": [2, 7, 1],
			"to": [14, 9, 2],
			"faces": {
				"north": {"uv": [9, 4, 15, 5], "rotation": 180, "texture": "#1", "tintindex": 0},
				"up": {"uv": [9, 5, 15, 5.5], "texture": "#1", "tintindex": 0},
				"down": {"uv": [8.5, 5, 15.5, 5.5], "rotation": 180, "texture": "#1", "tintindex": 0}
			}
		},
		{
			"from": [2, 3, 1],
			"to": [14, 5, 2],
			"faces": {
				"north": {"uv": [9, 4, 15, 5], "rotation": 180, "texture": "#1", "tintindex": 0},
				"up": {"uv": [9, 5, 15, 5.5], "texture": "#1", "tintindex": 0},
				"down": {"uv": [8.5, 5, 15.5, 5.5], "rotation": 180, "texture": "#1", "tintindex": 0}
			}
		},
		{
			"from": [2, 11, 1],
			"to": [14, 13, 2],
			"faces": {
				"north": {"uv": [9, 4, 15, 5], "rotation": 180, "texture": "#1", "tintindex": 0},
				"up": {"uv": [9, 5, 15, 5.5], "texture": "#1", "tintindex": 0},
				"down": {"uv": [8.5, 5, 15.5, 5.5], "rotation": 180, "texture": "#1", "tintindex": 0}
			}
		},
		{
			"from": [10.5, 2, 0],
			"to": [11.5, 14, 2],
			"faces": {
				"north": {"uv": [1, 10, 7, 10.5], "rotation": 270, "texture": "#1", "tintindex": 0},
				"east": {"uv": [1, 10.5, 7, 11.5], "rotation": 90, "texture": "#1", "cullface": "west", "tintindex": 0},
				"west": {"uv": [1, 10.5, 7, 11.5], "rotation": 270, "texture": "#1", "cullface": "west", "tintindex": 0}
			}
		},
		{
			"from": [8.5, 2, 0],
			"to": [9.5, 14, 2],
			"faces": {
				"north": {"uv": [1, 10, 7, 10.5], "rotation": 270, "texture": "#1", "tintindex": 0},
				"east": {"uv": [1, 10.5, 7, 11.5], "rotation": 90, "texture": "#1", "cullface": "west", "tintindex": 0},
				"west": {"uv": [1, 10.5, 7, 11.5], "rotation": 270, "texture": "#1", "cullface": "west", "tintindex": 0}
			}
		},
		{
			"from": [2.5, 2, 0],
			"to": [3.5, 14, 2],
			"faces": {
				"north": {"uv": [1, 10, 7, 10.5], "rotation": 270, "texture": "#1", "tintindex": 0},
				"east": {"uv": [1, 10.5, 7, 11.5], "rotation": 90, "texture": "#1", "cullface": "west", "tintindex": 0},
				"west": {"uv": [1, 10.5, 7, 11.5], "rotation": 270, "texture": "#1", "cullface": "west", "tintindex": 0}
			}
		},
		{
			"from": [4.5, 2, 0],
			"to": [5.5, 14, 2],
			"faces": {
				"north": {"uv": [1, 10, 7, 10.5], "rotation": 270, "texture": "#1", "tintindex": 0},
				"east": {"uv": [1, 10.5, 7, 11.5], "rotation": 90, "texture": "#1", "cullface": "west", "tintindex": 0},
				"west": {"uv": [1, 10.5, 7, 11.5], "rotation": 270, "texture": "#1", "cullface": "west", "tintindex": 0}
			}
		},
		{
			"from": [6.5, 2, 0],
			"to": [7.5, 14, 2],
			"faces": {
				"north": {"uv": [1, 10, 7, 10.5], "rotation": 270, "texture": "#1", "tintindex": 0},
				"east": {"uv": [1, 10.5, 7, 11.5], "rotation": 90, "texture": "#1", "cullface": "west", "tintindex": 0},
				"west": {"uv": [1, 10.5, 7, 11.5], "rotation": 270, "texture": "#1", "cullface": "west", "tintindex": 0}
			}
		},
		{
			"from": [12.5, 2, 14],
			"to": [13.5, 14, 16],
			"faces": {
				"east": {"uv": [1, 10.5, 7, 11.5], "rotation": 270, "texture": "#1", "cullface": "west", "tintindex": 0},
				"south": {"uv": [1, 10, 7, 10.5], "rotation": 90, "texture": "#1", "tintindex": 0},
				"west": {"uv": [1, 10.5, 7, 11.5], "rotation": 90, "texture": "#1", "cullface": "west", "tintindex": 0}
			}
		},
		{
			"from": [2, 7, 14],
			"to": [14, 9, 15],
			"faces": {
				"south": {"uv": [9, 4, 15, 5], "texture": "#1", "tintindex": 0},
				"up": {"uv": [8.5, 5, 15.5, 5.5], "rotation": 180, "texture": "#1", "tintindex": 0},
				"down": {"uv": [9, 5, 15, 5.5], "texture": "#1", "tintindex": 0}
			}
		},
		{
			"from": [2, 11, 14],
			"to": [14, 13, 15],
			"faces": {
				"south": {"uv": [9, 4, 15, 5], "texture": "#1", "tintindex": 0},
				"up": {"uv": [8.5, 5, 15.5, 5.5], "rotation": 180, "texture": "#1", "tintindex": 0},
				"down": {"uv": [9, 5, 15, 5.5], "texture": "#1", "tintindex": 0}
			}
		},
		{
			"from": [2, 3, 14],
			"to": [14, 5, 15],
			"faces": {
				"south": {"uv": [9, 4, 15, 5], "texture": "#1", "tintindex": 0},
				"up": {"uv": [8.5, 5, 15.5, 5.5], "rotation": 180, "texture": "#1", "tintindex": 0},
				"down": {"uv": [9, 5, 15, 5.5], "texture": "#1", "tintindex": 0}
			}
		},
		{
			"from": [10.5, 2, 14],
			"to": [11.5, 14, 16],
			"faces": {
				"east": {"uv": [1, 10.5, 7, 11.5], "rotation": 270, "texture": "#1", "cullface": "west", "tintindex": 0},
				"south": {"uv": [1, 10, 7, 10.5], "rotation": 90, "texture": "#1", "tintindex": 0},
				"west": {"uv": [1, 10.5, 7, 11.5], "rotation": 90, "texture": "#1", "cullface": "west", "tintindex": 0}
			}
		},
		{
			"from": [8.5, 2, 14],
			"to": [9.5, 14, 16],
			"faces": {
				"east": {"uv": [1, 10.5, 7, 11.5], "rotation": 270, "texture": "#1", "cullface": "west", "tintindex": 0},
				"south": {"uv": [1, 10, 7, 10.5], "rotation": 90, "texture": "#1", "tintindex": 0},
				"west": {"uv": [1, 10.5, 7, 11.5], "rotation": 90, "texture": "#1", "cullface": "west", "tintindex": 0}
			}
		},
		{
			"from": [2.5, 2, 14],
			"to": [3.5, 14, 16],
			"faces": {
				"east": {"uv": [1, 10.5, 7, 11.5], "rotation": 270, "texture": "#1", "cullface": "west", "tintindex": 0},
				"south": {"uv": [1, 10, 7, 10.5], "rotation": 90, "texture": "#1", "tintindex": 0},
				"west": {"uv": [1, 10.5, 7, 11.5], "rotation": 90, "texture": "#1", "cullface": "west", "tintindex": 0}
			}
		},
		{
			"from": [4.5, 2, 14],
			"to": [5.5, 14, 16],
			"faces": {
				"east": {"uv": [1, 10.5, 7, 11.5], "rotation": 270, "texture": "#1", "cullface": "west", "tintindex": 0},
				"south": {"uv": [1, 10, 7, 10.5], "rotation": 90, "texture": "#1", "tintindex": 0},
				"west": {"uv": [1, 10.5, 7, 11.5], "rotation": 90, "texture": "#1", "cullface": "west", "tintindex": 0}
			}
		},
		{
			"from": [6.5, 2, 14],
			"to": [7.5, 14, 16],
			"faces": {
				"east": {"uv": [1, 10.5, 7, 11.5], "rotation": 270, "texture": "#1", "cullface": "west", "tintindex": 0},
				"south": {"uv": [1, 10, 7, 10.5], "rotation": 90, "texture": "#1", "tintindex": 0},
				"west": {"uv": [1, 10.5, 7, 11.5], "rotation": 90, "texture": "#1", "cullface": "west", "tintindex": 0}
			}
		},
		{
			"from": [12.5, 0, 2],
			"to": [13.5, 2, 14],
			"faces": {
				"east": {"uv": [1, 10.5, 7, 11.5], "rotation": 180, "texture": "#1", "cullface": "west", "tintindex": 0},
				"west": {"uv": [1, 10.5, 7, 11.5], "rotation": 180, "texture": "#1", "cullface": "west", "tintindex": 0},
				"down": {"uv": [1, 10, 7, 10.5], "rotation": 90, "texture": "#1", "tintindex": 0}
			}
		},
		{
			"from": [2, 1, 7],
			"to": [14, 2, 9],
			"faces": {
				"north": {"uv": [9, 5, 15, 5.5], "rotation": 180, "texture": "#1", "tintindex": 0},
				"south": {"uv": [8.5, 5, 15.5, 5.5], "rotation": 180, "texture": "#1", "tintindex": 0},
				"down": {"uv": [9, 4, 15, 5], "texture": "#1", "tintindex": 0}
			}
		},
		{
			"from": [2, 1, 11],
			"to": [14, 2, 13],
			"faces": {
				"north": {"uv": [9, 5, 15, 5.5], "rotation": 180, "texture": "#1", "tintindex": 0},
				"south": {"uv": [8.5, 5, 15.5, 5.5], "rotation": 180, "texture": "#1", "tintindex": 0},
				"down": {"uv": [9, 4, 15, 5], "texture": "#1", "tintindex": 0}
			}
		},
		{
			"from": [2, 1, 3],
			"to": [14, 2, 5],
			"faces": {
				"north": {"uv": [9, 5, 15, 5.5], "rotation": 180, "texture": "#1", "tintindex": 0},
				"south": {"uv": [8.5, 5, 15.5, 5.5], "rotation": 180, "texture": "#1", "tintindex": 0},
				"down": {"uv": [9, 4, 15, 5], "texture": "#1", "tintindex": 0}
			}
		},
		{
			"from": [10.5, 0, 2],
			"to": [11.5, 2, 14],
			"faces": {
				"east": {"uv": [1, 10.5, 7, 11.5], "rotation": 180, "texture": "#1", "cullface": "west", "tintindex": 0},
				"west": {"uv": [1, 10.5, 7, 11.5], "rotation": 180, "texture": "#1", "cullface": "west", "tintindex": 0},
				"down": {"uv": [1, 10, 7, 10.5], "rotation": 90, "texture": "#1", "tintindex": 0}
			}
		},
		{
			"from": [8.5, 0, 2],
			"to": [9.5, 2, 14],
			"faces": {
				"east": {"uv": [1, 10.5, 7, 11.5], "rotation": 180, "texture": "#1", "cullface": "west", "tintindex": 0},
				"west": {"uv": [1, 10.5, 7, 11.5], "rotation": 180, "texture": "#1", "cullface": "west", "tintindex": 0},
				"down": {"uv": [1, 10, 7, 10.5], "rotation": 90, "texture": "#1", "tintindex": 0}
			}
		},
		{
			"from": [2.5, 0, 2],
			"to": [3.5, 2, 14],
			"faces": {
				"east": {"uv": [1, 10.5, 7, 11.5], "rotation": 180, "texture": "#1", "cullface": "west", "tintindex": 0},
				"west": {"uv": [1, 10.5, 7, 11.5], "rotation": 180, "texture": "#1", "cullface": "west", "tintindex": 0},
				"down": {"uv": [1, 10, 7, 10.5], "rotation": 90, "texture": "#1", "tintindex": 0}
			}
		},
		{
			"from": [4.5, 0, 2],
			"to": [5.5, 2, 14],
			"faces": {
				"east": {"uv": [1, 10.5, 7, 11.5], "rotation": 180, "texture": "#1", "cullface": "west", "tintindex": 0},
				"west": {"uv": [1, 10.5, 7, 11.5], "rotation": 180, "texture": "#1", "cullface": "west", "tintindex": 0},
				"down": {"uv": [1, 10, 7, 10.5], "rotation": 90, "texture": "#1", "tintindex": 0}
			}
		},
		{
			"from": [6.5, 0, 2],
			"to": [7.5, 2, 14],
			"faces": {
				"east": {"uv": [1, 10.5, 7, 11.5], "rotation": 180, "texture": "#1", "cullface": "west", "tintindex": 0},
				"west": {"uv": [1, 10.5, 7, 11.5], "rotation": 180, "texture": "#1", "cullface": "west", "tintindex": 0},
				"down": {"uv": [1, 10, 7, 10.5], "rotation": 90, "texture": "#1", "tintindex": 0}
			}
		},
		{
			"from": [14, 2, 2.5],
			"to": [16, 14, 3.5],
			"faces": {
				"north": {"uv": [1, 10.5, 7, 11.5], "rotation": 270, "texture": "#1", "cullface": "west", "tintindex": 0},
				"east": {"uv": [1, 10, 7, 10.5], "rotation": 90, "texture": "#1", "tintindex": 0},
				"south": {"uv": [1, 10.5, 7, 11.5], "rotation": 90, "texture": "#1", "cullface": "west", "tintindex": 0}
			}
		},
		{
			"from": [14, 7, 2],
			"to": [15, 9, 14],
			"faces": {
				"east": {"uv": [9, 4, 15, 5], "texture": "#1", "tintindex": 0},
				"up": {"uv": [8.5, 5, 15.5, 5.5], "rotation": 90, "texture": "#1", "tintindex": 0},
				"down": {"uv": [9, 5, 15, 5.5], "rotation": 90, "texture": "#1", "tintindex": 0}
			}
		},
		{
			"from": [14, 11, 2],
			"to": [15, 13, 14],
			"faces": {
				"east": {"uv": [9, 4, 15, 5], "texture": "#1", "tintindex": 0},
				"up": {"uv": [8.5, 5, 15.5, 5.5], "rotation": 90, "texture": "#1", "tintindex": 0},
				"down": {"uv": [9, 5, 15, 5.5], "rotation": 90, "texture": "#1", "tintindex": 0}
			}
		},
		{
			"from": [14, 3, 2],
			"to": [15, 5, 14],
			"faces": {
				"east": {"uv": [9, 4, 15, 5], "texture": "#1", "tintindex": 0},
				"up": {"uv": [8.5, 5, 15.5, 5.5], "rotation": 90, "texture": "#1", "tintindex": 0},
				"down": {"uv": [9, 5, 15, 5.5], "rotation": 90, "texture": "#1", "tintindex": 0}
			}
		},
		{
			"from": [14, 2, 4.5],
			"to": [16, 14, 5.5],
			"faces": {
				"north": {"uv": [1, 10.5, 7, 11.5], "rotation": 270, "texture": "#1", "cullface": "west", "tintindex": 0},
				"east": {"uv": [1, 10, 7, 10.5], "rotation": 90, "texture": "#1", "tintindex": 0},
				"south": {"uv": [1, 10.5, 7, 11.5], "rotation": 90, "texture": "#1", "cullface": "west", "tintindex": 0}
			}
		},
		{
			"from": [14, 2, 6.5],
			"to": [16, 14, 7.5],
			"faces": {
				"north": {"uv": [1, 10.5, 7, 11.5], "rotation": 270, "texture": "#1", "cullface": "west", "tintindex": 0},
				"east": {"uv": [1, 10, 7, 10.5], "rotation": 90, "texture": "#1", "tintindex": 0},
				"south": {"uv": [1, 10.5, 7, 11.5], "rotation": 90, "texture": "#1", "cullface": "west", "tintindex": 0}
			}
		},
		{
			"from": [14, 2, 12.5],
			"to": [16, 14, 13.5],
			"faces": {
				"north": {"uv": [1, 10.5, 7, 11.5], "rotation": 270, "texture": "#1", "cullface": "west", "tintindex": 0},
				"east": {"uv": [1, 10, 7, 10.5], "rotation": 90, "texture": "#1", "tintindex": 0},
				"south": {"uv": [1, 10.5, 7, 11.5], "rotation": 90, "texture": "#1", "cullface": "west", "tintindex": 0}
			}
		},
		{
			"from": [14, 2, 10.5],
			"to": [16, 14, 11.5],
			"faces": {
				"north": {"uv": [1, 10.5, 7, 11.5], "rotation": 270, "texture": "#1", "cullface": "west", "tintindex": 0},
				"east": {"uv": [1, 10, 7, 10.5], "rotation": 90, "texture": "#1", "tintindex": 0},
				"south": {"uv": [1, 10.5, 7, 11.5], "rotation": 90, "texture": "#1", "cullface": "west", "tintindex": 0}
			}
		},
		{
			"from": [14, 2, 8.5],
			"to": [16, 14, 9.5],
			"faces": {
				"north": {"uv": [1, 10.5, 7, 11.5], "rotation": 270, "texture": "#1", "cullface": "west", "tintindex": 0},
				"east": {"uv": [1, 10, 7, 10.5], "rotation": 90, "texture": "#1", "tintindex": 0},
				"south": {"uv": [1, 10.5, 7, 11.5], "rotation": 90, "texture": "#1", "cullface": "west", "tintindex": 0}
			}
		},
		{
			"from": [0, 2, 12.5],
			"to": [2, 14, 13.5],
			"faces": {
				"north": {"uv": [1, 10.5, 7, 11.5], "rotation": 90, "texture": "#1", "cullface": "west", "tintindex": 0},
				"south": {"uv": [1, 10.5, 7, 11.5], "rotation": 270, "texture": "#1", "cullface": "west", "tintindex": 0},
				"west": {"uv": [1, 10, 7, 10.5], "rotation": 90, "texture": "#1", "tintindex": 0}
			}
		},
		{
			"from": [1, 7, 2],
			"to": [2, 9, 14],
			"faces": {
				"west": {"uv": [9, 4, 15, 5], "texture": "#1", "tintindex": 0},
				"up": {"uv": [8.5, 5, 15.5, 5.5], "rotation": 270, "texture": "#1", "tintindex": 0},
				"down": {"uv": [9, 5, 15, 5.5], "rotation": 270, "texture": "#1", "tintindex": 0}
			}
		},
		{
			"from": [1, 11, 2],
			"to": [2, 13, 14],
			"faces": {
				"west": {"uv": [9, 4, 15, 5], "texture": "#1", "tintindex": 0},
				"up": {"uv": [8.5, 5, 15.5, 5.5], "rotation": 270, "texture": "#1", "tintindex": 0},
				"down": {"uv": [9, 5, 15, 5.5], "rotation": 270, "texture": "#1", "tintindex": 0}
			}
		},
		{
			"from": [1, 3, 2],
			"to": [2, 5, 14],
			"faces": {
				"west": {"uv": [9, 4, 15, 5], "texture": "#1", "tintindex": 0},
				"up": {"uv": [8.5, 5, 15.5, 5.5], "rotation": 270, "texture": "#1", "tintindex": 0},
				"down": {"uv": [9, 5, 15, 5.5], "rotation": 270, "texture": "#1", "tintindex": 0}
			}
		},
		{
			"from": [0, 2, 10.5],
			"to": [2, 14, 11.5],
			"faces": {
				"north": {"uv": [1, 10.5, 7, 11.5], "rotation": 90, "texture": "#1", "cullface": "west", "tintindex": 0},
				"south": {"uv": [1, 10.5, 7, 11.5], "rotation": 270, "texture": "#1", "cullface": "west", "tintindex": 0},
				"west": {"uv": [1, 10, 7, 10.5], "rotation": 90, "texture": "#1", "tintindex": 0}
			}
		},
		{
			"from": [0, 2, 8.5],
			"to": [2, 14, 9.5],
			"faces": {
				"north": {"uv": [1, 10.5, 7, 11.5], "rotation": 90, "texture": "#1", "cullface": "west", "tintindex": 0},
				"south": {"uv": [1, 10.5, 7, 11.5], "rotation": 270, "texture": "#1", "cullface": "west", "tintindex": 0},
				"west": {"uv": [1, 10, 7, 10.5], "rotation": 90, "texture": "#1", "tintindex": 0}
			}
		},
		{
			"from": [0, 2, 2.5],
			"to": [2, 14, 3.5],
			"faces": {
				"north": {"uv": [1, 10.5, 7, 11.5], "rotation": 90, "texture": "#1", "cullface": "west", "tintindex": 0},
				"south": {"uv": [1, 10.5, 7, 11.5], "rotation": 270, "texture": "#1", "cullface": "west", "tintindex": 0},
				"west": {"uv": [1, 10, 7, 10.5], "rotation": 90, "texture": "#1", "tintindex": 0}
			}
		},
		{
			"from": [0, 2, 4.5],
			"to": [2, 14, 5.5],
			"faces": {
				"north": {"uv": [1, 10.5, 7, 11.5], "rotation": 90, "texture": "#1", "cullface": "west", "tintindex": 0},
				"south": {"uv": [1, 10.5, 7, 11.5], "rotation": 270, "texture": "#1", "cullface": "west", "tintindex": 0},
				"west": {"uv": [1, 10, 7, 10.5], "rotation": 90, "texture": "#1", "tintindex": 0}
			}
		},
		{
			"from": [0, 2, 6.5],
			"to": [2, 14, 7.5],
			"faces": {
				"north": {"uv": [1, 10.5, 7, 11.5], "rotation": 90, "texture": "#1", "cullface": "west", "tintindex": 0},
				"south": {"uv": [1, 10.5, 7, 11.5], "rotation": 270, "texture": "#1", "cullface": "west", "tintindex": 0},
				"west": {"uv": [1, 10, 7, 10.5], "rotation": 90, "texture": "#1", "tintindex": 0}
			}
		}
	],
	"display": {
		"thirdperson_righthand": {
			"rotation": [75, 45, 0],
			"translation": [0, 2.5, 0],
			"scale": [0.375, 0.375, 0.375]
		},
		"thirdperson_lefthand": {
			"rotation": [75, 45, 0],
			"translation": [0, 2.5, 0],
			"scale": [0.375, 0.375, 0.375]
		},
		"firstperson_righthand": {
			"rotation": [0, 45, 0],
			"scale": [0.4, 0.4, 0.4]
		},
		"firstperson_lefthand": {
			"rotation": [0, 225, 0],
			"scale": [0.4, 0.4, 0.4]
		},
		"ground": {
			"translation": [0, 3, 0],
			"scale": [0.25, 0.25, 0.25]
		},
		"gui": {
			"rotation": [30, 225, 0],
			"scale": [0.625, 0.625, 0.625]
		},
		"fixed": {
			"scale": [0.5, 0.5, 0.5]
		}
	},
	"groups": [
		0,
		1,
		2,
		3,
		4,
		5,
		6,
		7,
		8,
		9,
		10,
		11,
		12,
		{
			"name": "group",
			"origin": [8, 8, 8],
			"color": 0,
			"children": [13, 14, 15, 16, 17, 18, 19, 20, 21]
		},
		{
			"name": "group",
			"origin": [8, 8, 8],
			"color": 0,
			"children": [22, 23, 24, 25, 26, 27, 28, 29, 30]
		},
		{
			"name": "group",
			"origin": [8, 8, 8],
			"color": 0,
			"children": [31, 32, 33, 34, 35, 36, 37, 38, 39]
		},
		{
			"name": "group",
			"origin": [8, 8, 8],
			"color": 0,
			"children": [40, 41, 42, 43, 44, 45, 46, 47, 48]
		},
		{
			"name": "group",
			"origin": [8, 8, 8],
			"color": 0,
			"children": [49, 50, 51, 52, 53, 54, 55, 56, 57]
		},
		{
			"name": "group",
			"origin": [8, 8, 8],
			"color": 0,
			"children": [58, 59, 60, 61, 62, 63, 64, 65, 66]
		}
	]
}