{
	"credit": "Made with Blockbench",
	"textures": {
		"0": "immersiveengineering:block/metal_decoration/steel_casing",
		"1": "immersiveengineering:block/metal_decoration/redstone_engineering",
		"particle": "immersiveengineering:block/metal_decoration/steel_casing"
	},
	"elements": [
		{
			"from": [0, 0, 0],
			"to": [2, 2, 16],
			"faces": {
				"north": {"uv": [14, 14, 16, 16], "texture": "#0"},
				"east": {"uv": [0, 14, 16, 16], "texture": "#0"},
				"south": {"uv": [0, 14, 2, 16], "texture": "#0"},
				"west": {"uv": [0, 14, 16, 16], "texture": "#0"},
				"up": {"uv": [0, 0, 2, 16], "texture": "#0"},
				"down": {"uv": [0, 0, 2, 16], "texture": "#0"}
			}
		},
		{
			"from": [0, 14, 0],
			"to": [2, 16, 16],
			"faces": {
				"north": {"uv": [14, 0, 16, 2], "texture": "#0"},
				"east": {"uv": [0, 0, 16, 2], "texture": "#0"},
				"south": {"uv": [0, 0, 2, 2], "texture": "#0"},
				"west": {"uv": [0, 0, 16, 2], "texture": "#0"},
				"up": {"uv": [0, 0, 2, 16], "texture": "#0"},
				"down": {"uv": [0, 0, 2, 16], "texture": "#0"}
			}
		},
		{
			"from": [14, 0, 0],
			"to": [16, 2, 16],
			"faces": {
				"north": {"uv": [0, 14, 2, 16], "texture": "#0"},
				"east": {"uv": [0, 14, 16, 16], "texture": "#0"},
				"south": {"uv": [14, 14, 16, 16], "texture": "#0"},
				"west": {"uv": [0, 14, 16, 16], "texture": "#0"},
				"up": {"uv": [0, 0, 2, 16], "rotation": 180, "texture": "#0"},
				"down": {"uv": [0, 0, 2, 16], "rotation": 180, "texture": "#0"}
			}
		},
		{
			"from": [14, 14, 0],
			"to": [16, 16, 16],
			"faces": {
				"north": {"uv": [0, 0, 2, 2], "texture": "#0"},
				"east": {"uv": [0, 0, 16, 2], "texture": "#0"},
				"south": {"uv": [14, 0, 16, 2], "texture": "#0"},
				"west": {"uv": [0, 0, 16, 2], "texture": "#0"},
				"up": {"uv": [0, 0, 2, 16], "rotation": 180, "texture": "#0"},
				"down": {"uv": [16, 0, 14, 16], "rotation": 180, "texture": "#0"}
			}
		},
		{
			"from": [2, 0, 0],
			"to": [14, 2, 2],
			"faces": {
				"north": {"uv": [2, 14, 14, 16], "texture": "#0"},
				"south": {"uv": [2, 14, 14, 16], "texture": "#0"},
				"up": {"uv": [2, 0, 14, 2], "texture": "#0"},
				"down": {"uv": [2, 14, 14, 16], "texture": "#0"}
			}
		},
		{
			"from": [2, 0, 14],
			"to": [14, 2, 16],
			"faces": {
				"north": {"uv": [2, 14, 14, 16], "texture": "#0"},
				"south": {"uv": [2, 14, 14, 16], "texture": "#0"},
				"up": {"uv": [2, 0, 14, 2], "rotation": 180, "texture": "#0"},
				"down": {"uv": [2, 2, 14, 0], "rotation": 180, "texture": "#0"}
			}
		},
		{
			"from": [2, 14, 0],
			"to": [14, 16, 2],
			"faces": {
				"north": {"uv": [2, 0, 14, 2], "texture": "#0"},
				"south": {"uv": [2, 16, 14, 14], "texture": "#0"},
				"up": {"uv": [2, 0, 14, 2], "texture": "#0"},
				"down": {"uv": [2, 14, 14, 16], "texture": "#0"}
			}
		},
		{
			"from": [2, 14, 14],
			"to": [14, 16, 16],
			"faces": {
				"north": {"uv": [2, 16, 14, 14], "texture": "#0"},
				"south": {"uv": [2, 0, 14, 2], "texture": "#0"},
				"up": {"uv": [2, 0, 14, 2], "rotation": 180, "texture": "#0"},
				"down": {"uv": [2, 14, 14, 16], "rotation": 180, "texture": "#0"}
			}
		},
		{
			"from": [0, 2, 0],
			"to": [2, 14, 2],
			"faces": {
				"north": {"uv": [14, 2, 16, 14], "texture": "#0"},
				"east": {"uv": [14, 2, 16, 14], "texture": "#0"},
				"south": {"uv": [0, 2, 2, 14], "texture": "#0"},
				"west": {"uv": [0, 2, 2, 14], "texture": "#0"}
			}
		},
		{
			"from": [0, 2, 14],
			"to": [2, 14, 16],
			"faces": {
				"north": {"uv": [14, 2, 16, 14], "texture": "#0"},
				"east": {"uv": [14, 2, 16, 14], "texture": "#0"},
				"south": {"uv": [0, 2, 2, 14], "texture": "#0"},
				"west": {"uv": [14, 2, 16, 14], "texture": "#0"}
			}
		},
		{
			"from": [14, 2, 14],
			"to": [16, 14, 16],
			"faces": {
				"north": {"uv": [0, 2, 2, 14], "texture": "#0"},
				"east": {"uv": [0, 2, 2, 14], "texture": "#0"},
				"south": {"uv": [14, 2, 16, 14], "texture": "#0"},
				"west": {"uv": [14, 2, 16, 14], "texture": "#0"}
			}
		},
		{
			"from": [14, 2, 0],
			"to": [16, 14, 2],
			"faces": {
				"north": {"uv": [0, 2, 2, 14], "texture": "#0"},
				"east": {"uv": [14, 2, 16, 14], "texture": "#0"},
				"south": {"uv": [14, 2, 16, 14], "texture": "#0"},
				"west": {"uv": [14, 2, 16, 14], "texture": "#0"}
			}
		},
		{
			"from": [6, 6, 0],
			"to": [10, 10, 1],
			"faces": {
				"north": {"uv": [8, 0, 10, 2], "texture": "#1"},
				"east": {"uv": [8, 0, 8.5, 2], "texture": "#1"},
				"west": {"uv": [9.5, 0, 10, 2], "texture": "#1"},
				"up": {"uv": [10, 0, 8, 0.5], "texture": "#1"},
				"down": {"uv": [8, 1.5, 10, 2], "texture": "#1"}
			}
		},
		{
			"from": [0, 0, 0.75],
			"to": [16, 16, 0.75],
			"faces": {
				"north": {"uv": [0, 8, 8, 16], "texture": "#1"}
			}
		},
		{
			"from": [0, 6, 6],
			"to": [1, 10, 10],
			"faces": {
				"north": {"uv": [8, 0, 8.5, 2], "texture": "#1"},
				"south": {"uv": [9.5, 0, 10, 2], "texture": "#1"},
				"west": {"uv": [8, 0, 10, 2], "texture": "#1"},
				"up": {"uv": [10, 0, 8, 0.5], "rotation": 270, "texture": "#1"},
				"down": {"uv": [8, 1.5, 10, 2], "rotation": 90, "texture": "#1"}
			}
		},
		{
			"from": [0.75, 0, 0],
			"to": [0.75, 16, 16],
			"faces": {
				"west": {"uv": [0, 8, 8, 16], "texture": "#1"}
			}
		},
		{
			"from": [6, 6, 15],
			"to": [10, 10, 16],
			"faces": {
				"east": {"uv": [9.5, 0, 10, 2], "texture": "#1"},
				"south": {"uv": [8, 0, 10, 2], "texture": "#1"},
				"west": {"uv": [8, 0, 8.5, 2], "texture": "#1"},
				"up": {"uv": [10, 0, 8, 0.5], "rotation": 180, "texture": "#1"},
				"down": {"uv": [8, 1.5, 10, 2], "rotation": 180, "texture": "#1"}
			}
		},
		{
			"from": [0, 0, 15.25],
			"to": [16, 16, 15.25],
			"faces": {
				"south": {"uv": [0, 8, 8, 16], "texture": "#1"}
			}
		},
		{
			"from": [15, 6, 6],
			"to": [16, 10, 10],
			"faces": {
				"north": {"uv": [9.5, 0, 10, 2], "texture": "#1"},
				"east": {"uv": [8, 0, 10, 2], "texture": "#1"},
				"south": {"uv": [8, 0, 8.5, 2], "texture": "#1"},
				"up": {"uv": [10, 0, 8, 0.5], "rotation": 90, "texture": "#1"},
				"down": {"uv": [8, 1.5, 10, 2], "rotation": 270, "texture": "#1"}
			}
		},
		{
			"from": [15.25, 0, 0],
			"to": [15.25, 16, 16],
			"faces": {
				"east": {"uv": [0, 8, 8, 16], "texture": "#1"}
			}
		},
		{
			"from": [6, 15, 6],
			"to": [10, 16, 10],
			"faces": {
				"north": {"uv": [9.5, 0, 10, 2], "rotation": 90, "texture": "#1"},
				"east": {"uv": [8, 1.5, 10, 2], "rotation": 180, "texture": "#1"},
				"south": {"uv": [8, 0, 8.5, 2], "rotation": 270, "texture": "#1"},
				"west": {"uv": [10, 0, 8, 0.5], "texture": "#1"},
				"up": {"uv": [8, 0, 10, 2], "rotation": 270, "texture": "#1"}
			}
		},
		{
			"from": [0, 15.25, 0],
			"to": [16, 15.25, 16],
			"faces": {
				"up": {"uv": [0, 8, 8, 16], "rotation": 270, "texture": "#1"}
			}
		},
		{
			"from": [6, 0, 6],
			"to": [10, 1, 10],
			"faces": {
				"north": {"uv": [9.5, 0, 10, 2], "rotation": 270, "texture": "#1"},
				"east": {"uv": [10, 0, 8, 0.5], "rotation": 180, "texture": "#1"},
				"south": {"uv": [8, 0, 8.5, 2], "rotation": 90, "texture": "#1"},
				"west": {"uv": [8, 1.5, 10, 2], "texture": "#1"},
				"down": {"uv": [8, 0, 10, 2], "rotation": 90, "texture": "#1"}
			}
		},
		{
			"from": [0, 0.75, 0],
			"to": [16, 0.75, 16],
			"faces": {
				"down": {"uv": [0, 8, 8, 16], "rotation": 90, "texture": "#1"}
			}
		}
	],
	"display": {
		"thirdperson_righthand": {
			"rotation": [75, 45, 0],
			"translation": [0, 2.5, 0],
			"scale": [0.375, 0.375, 0.375]
		},
		"thirdperson_lefthand": {
			"rotation": [75, 45, 0],
			"translation": [0, 2.5, 0],
			"scale": [0.375, 0.375, 0.375]
		},
		"firstperson_righthand": {
			"rotation": [0, 45, 0],
			"scale": [0.4, 0.4, 0.4]
		},
		"firstperson_lefthand": {
			"rotation": [0, 225, 0],
			"scale": [0.4, 0.4, 0.4]
		},
		"ground": {
			"translation": [0, 3, 0],
			"scale": [0.25, 0.25, 0.25]
		},
		"gui": {
			"rotation": [30, 225, 0],
			"scale": [0.625, 0.625, 0.625]
		},
		"fixed": {
			"scale": [0.5, 0.5, 0.5]
		}
	},
	"groups": [
		0,
		1,
		2,
		3,
		4,
		5,
		6,
		7,
		8,
		9,
		10,
		11,
		{
			"name": "group",
			"origin": [0, 0, 0],
			"color": 0,
			"children": [12, 13]
		},
		{
			"name": "group",
			"origin": [0, 0, 0],
			"color": 0,
			"children": [14, 15]
		},
		{
			"name": "group",
			"origin": [0, 0, 0],
			"color": 0,
			"children": [16, 17]
		},
		{
			"name": "group",
			"origin": [0, 0, 0],
			"color": 0,
			"children": [18, 19]
		},
		{
			"name": "group",
			"origin": [0, 0, 0],
			"color": 0,
			"children": [20, 21]
		},
		{
			"name": "group",
			"origin": [0, 0, 0],
			"color": 0,
			"children": [22, 23]
		}
	]
}