{
  "credit": "Made with Blockbench",
  "parent": "block/block",
  "textures": {
    "1": "#pipe_structure",
    "3": "#pipe_type",
    "particle": "#pipe_structure"
  },
  "elements": [
    {
      "from": [4, 5, 0],
      "to": [5, 6, 4],
      "rotation": { "angle": 0, "axis": "y", "origin": [8, 8, 8] },
      "faces": {
        "north": { "uv": [3, 5, 4, 6], "texture": "#1" },
        "east": { "uv": [0, 5, 4, 6], "texture": "#1" },
        "south": { "uv": [3, 5, 4, 6], "texture": "#1" },
        "west": { "uv": [0, 5, 4, 6], "texture": "#1" },
        "up": { "uv": [3, 5, 4, 9], "texture": "#1" },
        "down": { "uv": [3, 5, 4, 9], "texture": "#1" }
      }
    },
    {
      "from": [4, 10, 0],
      "to": [5, 11, 4],
      "rotation": { "angle": 0, "axis": "y", "origin": [8, 8, 8] },
      "faces": {
        "north": { "uv": [5, 0, 6, 1], "texture": "#1" },
        "east": { "uv": [6, 3, 10, 4], "texture": "#1" },
        "south": { "uv": [5, 0, 6, 1], "texture": "#1" },
        "west": { "uv": [6, 3, 10, 4], "texture": "#1" },
        "up": { "uv": [5, 0, 6, 4], "texture": "#1" },
        "down": { "uv": [5, 0, 6, 4], "texture": "#1" }
      }
    },
    {
      "from": [11, 5, 0],
      "to": [12, 6, 4],
      "rotation": { "angle": 0, "axis": "y", "origin": [8, 8, 8] },
      "faces": {
        "north": { "uv": [12, 5, 13, 6], "texture": "#1" },
        "east": { "uv": [12, 5, 16, 6], "texture": "#1" },
        "south": { "uv": [12, 5, 13, 6], "texture": "#1" },
        "west": { "uv": [12, 5, 16, 6], "texture": "#1" },
        "up": { "uv": [12, 5, 13, 9], "texture": "#1" },
        "down": { "uv": [12, 5, 13, 9], "texture": "#1" }
      }
    },
    {
      "from": [11, 10, 0],
      "to": [12, 11, 4],
      "rotation": { "angle": 0, "axis": "y", "origin": [8, 8, 8] },
      "faces": {
        "north": { "uv": [5, 12, 6, 13], "texture": "#1" },
        "east": { "uv": [5, 12, 9, 13], "texture": "#1" },
        "south": { "uv": [5, 12, 6, 13], "texture": "#1" },
        "west": { "uv": [5, 12, 9, 13], "texture": "#1" },
        "up": { "uv": [5, 12, 6, 16], "texture": "#1" },
        "down": { "uv": [5, 12, 6, 16], "texture": "#1" }
      }
    },
    {
      "from": [10, 4, 0],
      "to": [12, 5, 4],
      "rotation": { "angle": 0, "axis": "y", "origin": [8, 8, 8] },
      "faces": {
        "north": { "uv": [4, 15, 6, 16], "texture": "#1" },
        "east": { "uv": [8, 11, 12, 12], "texture": "#1" },
        "south": { "uv": [10, 15, 12, 16], "texture": "#1" },
        "west": { "uv": [6, 12, 10, 13], "texture": "#1" },
        "up": { "uv": [10, 12, 12, 16], "texture": "#1" },
        "down": { "uv": [10, 12, 12, 16], "texture": "#1" }
      }
    },
    {
      "from": [10, 11, 0],
      "to": [12, 12, 4],
      "rotation": { "angle": 0, "axis": "y", "origin": [8, 8, 8] },
      "faces": {
        "north": { "uv": [4, 0, 6, 1], "texture": "#1" },
        "east": { "uv": [8, 4, 12, 5], "texture": "#1" },
        "south": { "uv": [10, 0, 12, 1], "texture": "#1" },
        "west": { "uv": [6, 3, 10, 4], "texture": "#1" },
        "up": { "uv": [10, 0, 12, 4], "texture": "#1" },
        "down": { "uv": [10, 0, 12, 4], "texture": "#1" }
      }
    },
    {
      "from": [4, 4, 0],
      "to": [6, 5, 4],
      "rotation": { "angle": 0, "axis": "y", "origin": [8, 8, 8] },
      "faces": {
        "north": { "uv": [10, 0, 12, 1], "texture": "#1" },
        "east": { "uv": [6, 3, 10, 4], "texture": "#1" },
        "south": { "uv": [4, 0, 6, 1], "texture": "#1" },
        "west": { "uv": [4, 4, 8, 5], "texture": "#1" },
        "up": { "uv": [4, 0, 6, 4], "texture": "#1" },
        "down": { "uv": [4, 0, 6, 4], "texture": "#1" }
      }
    },
    {
      "from": [4, 11, 0],
      "to": [6, 12, 4],
      "rotation": { "angle": 0, "axis": "y", "origin": [8, 8, 8] },
      "faces": {
        "north": { "uv": [10, 15, 12, 16], "texture": "#1" },
        "east": { "uv": [6, 12, 10, 13], "texture": "#1" },
        "south": { "uv": [4, 15, 6, 16], "texture": "#1" },
        "west": { "uv": [4, 11, 8, 12], "texture": "#1" },
        "up": { "uv": [4, 12, 6, 16], "texture": "#1" },
        "down": { "uv": [4, 12, 6, 16], "texture": "#1" }
      }
    },
    {
      "from": [5, 5, 0],
      "to": [11, 11, 4],
      "rotation": { "angle": 0, "axis": "y", "origin": [8, 8, 8] },
      "faces": {
        "north": { "uv": [5, 5, 11, 11], "texture": "#3" },
        "east": { "uv": [12, 5, 16, 11], "texture": "#3" },
        "south": { "uv": [5, 5, 11, 11], "texture": "#3" },
        "west": { "uv": [0, 5, 4, 11], "texture": "#3" },
        "up": { "uv": [5, 0, 11, 4], "texture": "#3" },
        "down": { "uv": [5, 12, 11, 16], "texture": "#3" }
      }
    },
    {
      "from": [4, 5, 0],
      "to": [5, 6, 4],
      "rotation": { "angle": 0, "axis": "x", "origin": [8, 8, 8] },
      "faces": {
        "north": { "uv": [3, 5, 4, 6], "texture": "#1" },
        "east": { "uv": [0, 5, 4, 6], "texture": "#1" },
        "south": { "uv": [3, 5, 4, 6], "texture": "#1" },
        "west": { "uv": [0, 5, 4, 6], "texture": "#1" },
        "up": { "uv": [3, 5, 4, 9], "texture": "#1" },
        "down": { "uv": [3, 5, 4, 9], "texture": "#1" }
      }
    },
    {
      "from": [4, 10, 0],
      "to": [5, 11, 4],
      "rotation": { "angle": 0, "axis": "x", "origin": [8, 8, 8] },
      "faces": {
        "north": { "uv": [5, 0, 6, 1], "texture": "#1" },
        "east": { "uv": [6, 3, 10, 4], "texture": "#1" },
        "south": { "uv": [5, 0, 6, 1], "texture": "#1" },
        "west": { "uv": [6, 3, 10, 4], "texture": "#1" },
        "up": { "uv": [5, 0, 6, 4], "texture": "#1" },
        "down": { "uv": [5, 0, 6, 4], "texture": "#1" }
      }
    },
    {
      "from": [11, 5, 0],
      "to": [12, 6, 4],
      "rotation": { "angle": 0, "axis": "x", "origin": [8, 8, 8] },
      "faces": {
        "north": { "uv": [12, 5, 13, 6], "texture": "#1" },
        "east": { "uv": [12, 5, 16, 6], "texture": "#1" },
        "south": { "uv": [12, 5, 13, 6], "texture": "#1" },
        "west": { "uv": [12, 5, 16, 6], "texture": "#1" },
        "up": { "uv": [12, 5, 13, 9], "texture": "#1" },
        "down": { "uv": [12, 5, 13, 9], "texture": "#1" }
      }
    },
    {
      "from": [11, 10, 0],
      "to": [12, 11, 4],
      "rotation": { "angle": 0, "axis": "x", "origin": [8, 8, 8] },
      "faces": {
        "north": { "uv": [5, 12, 6, 13], "texture": "#1" },
        "east": { "uv": [5, 12, 9, 13], "texture": "#1" },
        "south": { "uv": [5, 12, 6, 13], "texture": "#1" },
        "west": { "uv": [5, 12, 9, 13], "texture": "#1" },
        "up": { "uv": [5, 12, 6, 16], "texture": "#1" },
        "down": { "uv": [5, 12, 6, 16], "texture": "#1" }
      }
    },
    {
      "from": [10, 4, 0],
      "to": [12, 5, 4],
      "rotation": { "angle": 0, "axis": "x", "origin": [8, 8, 8] },
      "faces": {
        "north": { "uv": [4, 15, 6, 16], "texture": "#1" },
        "east": { "uv": [8, 11, 12, 12], "texture": "#1" },
        "south": { "uv": [10, 15, 12, 16], "texture": "#1" },
        "west": { "uv": [6, 12, 10, 13], "texture": "#1" },
        "up": { "uv": [10, 12, 12, 16], "texture": "#1" },
        "down": { "uv": [10, 12, 12, 16], "texture": "#1" }
      }
    },
    {
      "from": [10, 11, 0],
      "to": [12, 12, 4],
      "rotation": { "angle": 0, "axis": "x", "origin": [8, 8, 8] },
      "faces": {
        "north": { "uv": [4, 0, 6, 1], "texture": "#1" },
        "east": { "uv": [8, 4, 12, 5], "texture": "#1" },
        "south": { "uv": [10, 0, 12, 1], "texture": "#1" },
        "west": { "uv": [6, 3, 10, 4], "texture": "#1" },
        "up": { "uv": [10, 0, 12, 4], "texture": "#1" },
        "down": { "uv": [10, 0, 12, 4], "texture": "#1" }
      }
    },
    {
      "from": [4, 4, 0],
      "to": [6, 5, 4],
      "rotation": { "angle": 0, "axis": "x", "origin": [8, 8, 8] },
      "faces": {
        "north": { "uv": [10, 0, 12, 1], "texture": "#1" },
        "east": { "uv": [6, 3, 10, 4], "texture": "#1" },
        "south": { "uv": [4, 0, 6, 1], "texture": "#1" },
        "west": { "uv": [4, 4, 8, 5], "texture": "#1" },
        "up": { "uv": [4, 0, 6, 4], "texture": "#1" },
        "down": { "uv": [4, 0, 6, 4], "texture": "#1" }
      }
    },
    {
      "from": [4, 11, 0],
      "to": [6, 12, 4],
      "rotation": { "angle": 0, "axis": "x", "origin": [8, 8, 8] },
      "faces": {
        "north": { "uv": [10, 15, 12, 16], "texture": "#1" },
        "east": { "uv": [6, 12, 10, 13], "texture": "#1" },
        "south": { "uv": [4, 15, 6, 16], "texture": "#1" },
        "west": { "uv": [4, 11, 8, 12], "texture": "#1" },
        "up": { "uv": [4, 12, 6, 16], "texture": "#1" },
        "down": { "uv": [4, 12, 6, 16], "texture": "#1" }
      }
    },
    {
      "from": [5, 5, 0],
      "to": [11, 11, 4],
      "rotation": { "angle": 0, "axis": "x", "origin": [8, 8, 8] },
      "faces": {
        "north": { "uv": [5, 5, 11, 11], "texture": "#3" },
        "east": { "uv": [12, 5, 16, 11], "texture": "#3" },
        "south": { "uv": [5, 5, 11, 11], "texture": "#3" },
        "west": { "uv": [0, 5, 4, 11], "texture": "#3" },
        "up": { "uv": [5, 0, 11, 4], "texture": "#3" },
        "down": { "uv": [5, 12, 11, 16], "texture": "#3" }
      }
    },
    {
      "from": [4, 5, 12],
      "to": [5, 6, 16],
      "rotation": { "angle": 0, "axis": "y", "origin": [8, 8, 20] },
      "faces": {
        "north": { "uv": [3, 5, 4, 6], "texture": "#1" },
        "east": { "uv": [0, 5, 4, 6], "texture": "#1" },
        "south": { "uv": [3, 5, 4, 6], "texture": "#1" },
        "west": { "uv": [0, 5, 4, 6], "texture": "#1" },
        "up": { "uv": [3, 5, 4, 9], "texture": "#1" },
        "down": { "uv": [3, 5, 4, 9], "texture": "#1" }
      }
    },
    {
      "from": [4, 10, 12],
      "to": [5, 11, 16],
      "rotation": { "angle": 0, "axis": "y", "origin": [8, 8, 20] },
      "faces": {
        "north": { "uv": [5, 0, 6, 1], "texture": "#1" },
        "east": { "uv": [6, 3, 10, 4], "texture": "#1" },
        "south": { "uv": [5, 0, 6, 1], "texture": "#1" },
        "west": { "uv": [6, 3, 10, 4], "texture": "#1" },
        "up": { "uv": [5, 0, 6, 4], "texture": "#1" },
        "down": { "uv": [5, 0, 6, 4], "texture": "#1" }
      }
    },
    {
      "from": [11, 5, 12],
      "to": [12, 6, 16],
      "rotation": { "angle": 0, "axis": "y", "origin": [8, 8, 20] },
      "faces": {
        "north": { "uv": [12, 5, 13, 6], "texture": "#1" },
        "east": { "uv": [12, 5, 16, 6], "texture": "#1" },
        "south": { "uv": [12, 5, 13, 6], "texture": "#1" },
        "west": { "uv": [12, 5, 16, 6], "texture": "#1" },
        "up": { "uv": [12, 5, 13, 9], "texture": "#1" },
        "down": { "uv": [12, 5, 13, 9], "texture": "#1" }
      }
    },
    {
      "from": [11, 10, 12],
      "to": [12, 11, 16],
      "rotation": { "angle": 0, "axis": "y", "origin": [8, 8, 20] },
      "faces": {
        "north": { "uv": [5, 12, 6, 13], "texture": "#1" },
        "east": { "uv": [5, 12, 9, 13], "texture": "#1" },
        "south": { "uv": [5, 12, 6, 13], "texture": "#1" },
        "west": { "uv": [5, 12, 9, 13], "texture": "#1" },
        "up": { "uv": [5, 12, 6, 16], "texture": "#1" },
        "down": { "uv": [5, 12, 6, 16], "texture": "#1" }
      }
    },
    {
      "from": [10, 4, 12],
      "to": [12, 5, 16],
      "rotation": { "angle": 0, "axis": "y", "origin": [8, 8, 20] },
      "faces": {
        "north": { "uv": [4, 15, 6, 16], "texture": "#1" },
        "east": { "uv": [8, 11, 12, 12], "texture": "#1" },
        "south": { "uv": [10, 15, 12, 16], "texture": "#1" },
        "west": { "uv": [6, 12, 10, 13], "texture": "#1" },
        "up": { "uv": [10, 12, 12, 16], "texture": "#1" },
        "down": { "uv": [10, 12, 12, 16], "texture": "#1" }
      }
    },
    {
      "from": [10, 11, 12],
      "to": [12, 12, 16],
      "rotation": { "angle": 0, "axis": "y", "origin": [8, 8, 20] },
      "faces": {
        "north": { "uv": [4, 0, 6, 1], "texture": "#1" },
        "east": { "uv": [8, 4, 12, 5], "texture": "#1" },
        "south": { "uv": [10, 0, 12, 1], "texture": "#1" },
        "west": { "uv": [6, 3, 10, 4], "texture": "#1" },
        "up": { "uv": [10, 0, 12, 4], "texture": "#1" },
        "down": { "uv": [10, 0, 12, 4], "texture": "#1" }
      }
    },
    {
      "from": [4, 4, 12],
      "to": [6, 5, 16],
      "rotation": { "angle": 0, "axis": "y", "origin": [8, 8, 20] },
      "faces": {
        "north": { "uv": [10, 0, 12, 1], "texture": "#1" },
        "east": { "uv": [6, 3, 10, 4], "texture": "#1" },
        "south": { "uv": [4, 0, 6, 1], "texture": "#1" },
        "west": { "uv": [4, 4, 8, 5], "texture": "#1" },
        "up": { "uv": [4, 0, 6, 4], "texture": "#1" },
        "down": { "uv": [4, 0, 6, 4], "texture": "#1" }
      }
    },
    {
      "from": [4, 11, 12],
      "to": [6, 12, 16],
      "rotation": { "angle": 0, "axis": "y", "origin": [8, 8, 20] },
      "faces": {
        "north": { "uv": [10, 15, 12, 16], "texture": "#1" },
        "east": { "uv": [6, 12, 10, 13], "texture": "#1" },
        "south": { "uv": [4, 15, 6, 16], "texture": "#1" },
        "west": { "uv": [4, 11, 8, 12], "texture": "#1" },
        "up": { "uv": [4, 12, 6, 16], "texture": "#1" },
        "down": { "uv": [4, 12, 6, 16], "texture": "#1" }
      }
    },
    {
      "from": [5, 5, 12],
      "to": [11, 11, 16],
      "rotation": { "angle": 0, "axis": "y", "origin": [8, 8, 20] },
      "faces": {
        "north": { "uv": [5, 5, 11, 11], "texture": "#3" },
        "east": { "uv": [12, 5, 16, 11], "texture": "#3" },
        "south": { "uv": [5, 5, 11, 11], "texture": "#3" },
        "west": { "uv": [0, 5, 4, 11], "texture": "#3" },
        "up": { "uv": [5, 0, 11, 4], "texture": "#3" },
        "down": { "uv": [5, 12, 11, 16], "texture": "#3" }
      }
    },
    {
      "from": [4, 5, 12],
      "to": [5, 6, 16],
      "rotation": { "angle": 0, "axis": "y", "origin": [8, 8, 20] },
      "faces": {
        "north": { "uv": [3, 5, 4, 6], "texture": "#1" },
        "east": { "uv": [0, 5, 4, 6], "texture": "#1" },
        "south": { "uv": [3, 5, 4, 6], "texture": "#1" },
        "west": { "uv": [0, 5, 4, 6], "texture": "#1" },
        "up": { "uv": [3, 5, 4, 9], "texture": "#1" },
        "down": { "uv": [3, 5, 4, 9], "texture": "#1" }
      }
    },
    {
      "from": [4, 10, 12],
      "to": [5, 11, 16],
      "rotation": { "angle": 0, "axis": "y", "origin": [8, 8, 20] },
      "faces": {
        "north": { "uv": [5, 0, 6, 1], "texture": "#1" },
        "east": { "uv": [6, 3, 10, 4], "texture": "#1" },
        "south": { "uv": [5, 0, 6, 1], "texture": "#1" },
        "west": { "uv": [6, 3, 10, 4], "texture": "#1" },
        "up": { "uv": [5, 0, 6, 4], "texture": "#1" },
        "down": { "uv": [5, 0, 6, 4], "texture": "#1" }
      }
    },
    {
      "from": [11, 5, 12],
      "to": [12, 6, 16],
      "rotation": { "angle": 0, "axis": "y", "origin": [8, 8, 20] },
      "faces": {
        "north": { "uv": [12, 5, 13, 6], "texture": "#1" },
        "east": { "uv": [12, 5, 16, 6], "texture": "#1" },
        "south": { "uv": [12, 5, 13, 6], "texture": "#1" },
        "west": { "uv": [12, 5, 16, 6], "texture": "#1" },
        "up": { "uv": [12, 5, 13, 9], "texture": "#1" },
        "down": { "uv": [12, 5, 13, 9], "texture": "#1" }
      }
    },
    {
      "from": [11, 10, 12],
      "to": [12, 11, 16],
      "rotation": { "angle": 0, "axis": "y", "origin": [8, 8, 20] },
      "faces": {
        "north": { "uv": [5, 12, 6, 13], "texture": "#1" },
        "east": { "uv": [5, 12, 9, 13], "texture": "#1" },
        "south": { "uv": [5, 12, 6, 13], "texture": "#1" },
        "west": { "uv": [5, 12, 9, 13], "texture": "#1" },
        "up": { "uv": [5, 12, 6, 16], "texture": "#1" },
        "down": { "uv": [5, 12, 6, 16], "texture": "#1" }
      }
    },
    {
      "from": [10, 4, 12],
      "to": [12, 5, 16],
      "rotation": { "angle": 0, "axis": "y", "origin": [8, 8, 20] },
      "faces": {
        "north": { "uv": [4, 15, 6, 16], "texture": "#1" },
        "east": { "uv": [8, 11, 12, 12], "texture": "#1" },
        "south": { "uv": [10, 15, 12, 16], "texture": "#1" },
        "west": { "uv": [6, 12, 10, 13], "texture": "#1" },
        "up": { "uv": [10, 12, 12, 16], "texture": "#1" },
        "down": { "uv": [10, 12, 12, 16], "texture": "#1" }
      }
    },
    {
      "from": [10, 11, 12],
      "to": [12, 12, 16],
      "rotation": { "angle": 0, "axis": "y", "origin": [8, 8, 20] },
      "faces": {
        "north": { "uv": [4, 0, 6, 1], "texture": "#1" },
        "east": { "uv": [8, 4, 12, 5], "texture": "#1" },
        "south": { "uv": [10, 0, 12, 1], "texture": "#1" },
        "west": { "uv": [6, 3, 10, 4], "texture": "#1" },
        "up": { "uv": [10, 0, 12, 4], "texture": "#1" },
        "down": { "uv": [10, 0, 12, 4], "texture": "#1" }
      }
    },
    {
      "from": [4, 4, 12],
      "to": [6, 5, 16],
      "rotation": { "angle": 0, "axis": "y", "origin": [8, 8, 20] },
      "faces": {
        "north": { "uv": [10, 0, 12, 1], "texture": "#1" },
        "east": { "uv": [6, 3, 10, 4], "texture": "#1" },
        "south": { "uv": [4, 0, 6, 1], "texture": "#1" },
        "west": { "uv": [4, 4, 8, 5], "texture": "#1" },
        "up": { "uv": [4, 0, 6, 4], "texture": "#1" },
        "down": { "uv": [4, 0, 6, 4], "texture": "#1" }
      }
    },
    {
      "from": [4, 11, 12],
      "to": [6, 12, 16],
      "rotation": { "angle": 0, "axis": "y", "origin": [8, 8, 20] },
      "faces": {
        "north": { "uv": [10, 15, 12, 16], "texture": "#1" },
        "east": { "uv": [6, 12, 10, 13], "texture": "#1" },
        "south": { "uv": [4, 15, 6, 16], "texture": "#1" },
        "west": { "uv": [4, 11, 8, 12], "texture": "#1" },
        "up": { "uv": [4, 12, 6, 16], "texture": "#1" },
        "down": { "uv": [4, 12, 6, 16], "texture": "#1" }
      }
    },
    {
      "from": [5, 5, 12],
      "to": [11, 11, 16],
      "rotation": { "angle": 0, "axis": "y", "origin": [8, 8, 20] },
      "faces": {
        "north": { "uv": [5, 5, 11, 11], "texture": "#3" },
        "east": { "uv": [12, 5, 16, 11], "texture": "#3" },
        "south": { "uv": [5, 5, 11, 11], "texture": "#3" },
        "west": { "uv": [0, 5, 4, 11], "texture": "#3" },
        "up": { "uv": [5, 0, 11, 4], "texture": "#3" },
        "down": { "uv": [5, 12, 11, 16], "texture": "#3" }
      }
    },
    {
      "from": [0, 4, 5],
      "to": [4, 5, 6],
      "rotation": { "angle": 0, "axis": "z", "origin": [8, 8, 8] },
      "faces": {
        "north": { "uv": [3, 5, 4, 9], "rotation": 270, "texture": "#1" },
        "east": { "uv": [3, 5, 4, 6], "rotation": 270, "texture": "#1" },
        "south": { "uv": [3, 5, 4, 9], "rotation": 270, "texture": "#1" },
        "west": { "uv": [3, 5, 4, 6], "rotation": 90, "texture": "#1" },
        "up": { "uv": [0, 5, 4, 6], "rotation": 180, "texture": "#1" },
        "down": { "uv": [0, 5, 4, 6], "texture": "#1" }
      }
    },
    {
      "from": [0, 4, 10],
      "to": [4, 5, 11],
      "rotation": { "angle": 0, "axis": "z", "origin": [8, 8, 8] },
      "faces": {
        "north": { "uv": [5, 0, 6, 4], "rotation": 270, "texture": "#1" },
        "east": { "uv": [5, 0, 6, 1], "rotation": 270, "texture": "#1" },
        "south": { "uv": [5, 0, 6, 4], "rotation": 270, "texture": "#1" },
        "west": { "uv": [5, 0, 6, 1], "rotation": 90, "texture": "#1" },
        "up": { "uv": [6, 3, 10, 4], "rotation": 180, "texture": "#1" },
        "down": { "uv": [6, 3, 10, 4], "texture": "#1" }
      }
    },
    {
      "from": [0, 11, 5],
      "to": [4, 12, 6],
      "rotation": { "angle": 0, "axis": "z", "origin": [8, 8, 8] },
      "faces": {
        "north": { "uv": [12, 5, 13, 9], "rotation": 270, "texture": "#1" },
        "east": { "uv": [12, 5, 13, 6], "rotation": 270, "texture": "#1" },
        "south": { "uv": [12, 5, 13, 9], "rotation": 270, "texture": "#1" },
        "west": { "uv": [12, 5, 13, 6], "rotation": 90, "texture": "#1" },
        "up": { "uv": [12, 5, 16, 6], "rotation": 180, "texture": "#1" },
        "down": { "uv": [12, 5, 16, 6], "texture": "#1" }
      }
    },
    {
      "from": [0, 11, 10],
      "to": [4, 12, 11],
      "rotation": { "angle": 0, "axis": "z", "origin": [8, 8, 8] },
      "faces": {
        "north": { "uv": [5, 12, 6, 16], "rotation": 270, "texture": "#1" },
        "east": { "uv": [5, 12, 6, 13], "rotation": 270, "texture": "#1" },
        "south": { "uv": [5, 12, 6, 16], "rotation": 270, "texture": "#1" },
        "west": { "uv": [5, 12, 6, 13], "rotation": 90, "texture": "#1" },
        "up": { "uv": [5, 12, 9, 13], "rotation": 180, "texture": "#1" },
        "down": { "uv": [5, 12, 9, 13], "texture": "#1" }
      }
    },
    {
      "from": [0, 10, 4],
      "to": [4, 12, 5],
      "rotation": { "angle": 0, "axis": "z", "origin": [8, 8, 8] },
      "faces": {
        "north": { "uv": [10, 12, 12, 16], "rotation": 270, "texture": "#1" },
        "east": { "uv": [10, 15, 12, 16], "rotation": 270, "texture": "#1" },
        "south": { "uv": [10, 12, 12, 16], "rotation": 270, "texture": "#1" },
        "west": { "uv": [4, 15, 6, 16], "rotation": 90, "texture": "#1" },
        "up": { "uv": [8, 11, 12, 12], "rotation": 180, "texture": "#1" },
        "down": { "uv": [6, 12, 10, 13], "texture": "#1" }
      }
    },
    {
      "from": [0, 10, 11],
      "to": [4, 12, 12],
      "rotation": { "angle": 0, "axis": "z", "origin": [8, 8, 8] },
      "faces": {
        "north": { "uv": [10, 0, 12, 4], "rotation": 270, "texture": "#1" },
        "east": { "uv": [10, 0, 12, 1], "rotation": 270, "texture": "#1" },
        "south": { "uv": [10, 0, 12, 4], "rotation": 270, "texture": "#1" },
        "west": { "uv": [4, 0, 6, 1], "rotation": 90, "texture": "#1" },
        "up": { "uv": [8, 4, 12, 5], "rotation": 180, "texture": "#1" },
        "down": { "uv": [6, 3, 10, 4], "texture": "#1" }
      }
    },
    {
      "from": [0, 4, 4],
      "to": [4, 6, 5],
      "rotation": { "angle": 0, "axis": "z", "origin": [8, 8, 8] },
      "faces": {
        "north": { "uv": [4, 0, 6, 4], "rotation": 270, "texture": "#1" },
        "east": { "uv": [4, 0, 6, 1], "rotation": 270, "texture": "#1" },
        "south": { "uv": [4, 0, 6, 4], "rotation": 270, "texture": "#1" },
        "west": { "uv": [10, 0, 12, 1], "rotation": 90, "texture": "#1" },
        "up": { "uv": [6, 3, 10, 4], "rotation": 180, "texture": "#1" },
        "down": { "uv": [4, 4, 8, 5], "texture": "#1" }
      }
    },
    {
      "from": [0, 4, 11],
      "to": [4, 6, 12],
      "rotation": { "angle": 0, "axis": "z", "origin": [8, 8, 8] },
      "faces": {
        "north": { "uv": [4, 12, 6, 16], "rotation": 270, "texture": "#1" },
        "east": { "uv": [4, 15, 6, 16], "rotation": 270, "texture": "#1" },
        "south": { "uv": [4, 12, 6, 16], "rotation": 270, "texture": "#1" },
        "west": { "uv": [10, 15, 12, 16], "rotation": 90, "texture": "#1" },
        "up": { "uv": [6, 12, 10, 13], "rotation": 180, "texture": "#1" },
        "down": { "uv": [4, 11, 8, 12], "texture": "#1" }
      }
    },
    {
      "from": [0, 5, 5],
      "to": [4, 11, 11],
      "rotation": { "angle": 0, "axis": "z", "origin": [8, 8, 8] },
      "faces": {
        "north": { "uv": [5, 12, 11, 16], "rotation": 270, "texture": "#3" },
        "east": { "uv": [5, 5, 11, 11], "rotation": 270, "texture": "#3" },
        "south": { "uv": [5, 0, 11, 4], "rotation": 270, "texture": "#3" },
        "west": { "uv": [5, 5, 11, 11], "rotation": 90, "texture": "#3" },
        "up": { "uv": [12, 5, 16, 11], "rotation": 180, "texture": "#3" },
        "down": { "uv": [0, 5, 4, 11], "texture": "#3" }
      }
    },
    {
      "from": [0, 4, 5],
      "to": [4, 5, 6],
      "rotation": { "angle": 0, "axis": "z", "origin": [8, 8, 8] },
      "faces": {
        "north": { "uv": [3, 5, 4, 9], "rotation": 270, "texture": "#1" },
        "east": { "uv": [3, 5, 4, 6], "rotation": 270, "texture": "#1" },
        "south": { "uv": [3, 5, 4, 9], "rotation": 270, "texture": "#1" },
        "west": { "uv": [3, 5, 4, 6], "rotation": 90, "texture": "#1" },
        "up": { "uv": [0, 5, 4, 6], "rotation": 180, "texture": "#1" },
        "down": { "uv": [0, 5, 4, 6], "texture": "#1" }
      }
    },
    {
      "from": [0, 4, 10],
      "to": [4, 5, 11],
      "rotation": { "angle": 0, "axis": "z", "origin": [8, 8, 8] },
      "faces": {
        "north": { "uv": [5, 0, 6, 4], "rotation": 270, "texture": "#1" },
        "east": { "uv": [5, 0, 6, 1], "rotation": 270, "texture": "#1" },
        "south": { "uv": [5, 0, 6, 4], "rotation": 270, "texture": "#1" },
        "west": { "uv": [5, 0, 6, 1], "rotation": 90, "texture": "#1" },
        "up": { "uv": [6, 3, 10, 4], "rotation": 180, "texture": "#1" },
        "down": { "uv": [6, 3, 10, 4], "texture": "#1" }
      }
    },
    {
      "from": [0, 11, 5],
      "to": [4, 12, 6],
      "rotation": { "angle": 0, "axis": "z", "origin": [8, 8, 8] },
      "faces": {
        "north": { "uv": [12, 5, 13, 9], "rotation": 270, "texture": "#1" },
        "east": { "uv": [12, 5, 13, 6], "rotation": 270, "texture": "#1" },
        "south": { "uv": [12, 5, 13, 9], "rotation": 270, "texture": "#1" },
        "west": { "uv": [12, 5, 13, 6], "rotation": 90, "texture": "#1" },
        "up": { "uv": [12, 5, 16, 6], "rotation": 180, "texture": "#1" },
        "down": { "uv": [12, 5, 16, 6], "texture": "#1" }
      }
    },
    {
      "from": [0, 11, 10],
      "to": [4, 12, 11],
      "rotation": { "angle": 0, "axis": "z", "origin": [8, 8, 8] },
      "faces": {
        "north": { "uv": [5, 12, 6, 16], "rotation": 270, "texture": "#1" },
        "east": { "uv": [5, 12, 6, 13], "rotation": 270, "texture": "#1" },
        "south": { "uv": [5, 12, 6, 16], "rotation": 270, "texture": "#1" },
        "west": { "uv": [5, 12, 6, 13], "rotation": 90, "texture": "#1" },
        "up": { "uv": [5, 12, 9, 13], "rotation": 180, "texture": "#1" },
        "down": { "uv": [5, 12, 9, 13], "texture": "#1" }
      }
    },
    {
      "from": [0, 10, 4],
      "to": [4, 12, 5],
      "rotation": { "angle": 0, "axis": "z", "origin": [8, 8, 8] },
      "faces": {
        "north": { "uv": [10, 12, 12, 16], "rotation": 270, "texture": "#1" },
        "east": { "uv": [10, 15, 12, 16], "rotation": 270, "texture": "#1" },
        "south": { "uv": [10, 12, 12, 16], "rotation": 270, "texture": "#1" },
        "west": { "uv": [4, 15, 6, 16], "rotation": 90, "texture": "#1" },
        "up": { "uv": [8, 11, 12, 12], "rotation": 180, "texture": "#1" },
        "down": { "uv": [6, 12, 10, 13], "texture": "#1" }
      }
    },
    {
      "from": [0, 10, 11],
      "to": [4, 12, 12],
      "rotation": { "angle": 0, "axis": "z", "origin": [8, 8, 8] },
      "faces": {
        "north": { "uv": [10, 0, 12, 4], "rotation": 270, "texture": "#1" },
        "east": { "uv": [10, 0, 12, 1], "rotation": 270, "texture": "#1" },
        "south": { "uv": [10, 0, 12, 4], "rotation": 270, "texture": "#1" },
        "west": { "uv": [4, 0, 6, 1], "rotation": 90, "texture": "#1" },
        "up": { "uv": [8, 4, 12, 5], "rotation": 180, "texture": "#1" },
        "down": { "uv": [6, 3, 10, 4], "texture": "#1" }
      }
    },
    {
      "from": [0, 4, 4],
      "to": [4, 6, 5],
      "rotation": { "angle": 0, "axis": "z", "origin": [8, 8, 8] },
      "faces": {
        "north": { "uv": [4, 0, 6, 4], "rotation": 270, "texture": "#1" },
        "east": { "uv": [4, 0, 6, 1], "rotation": 270, "texture": "#1" },
        "south": { "uv": [4, 0, 6, 4], "rotation": 270, "texture": "#1" },
        "west": { "uv": [10, 0, 12, 1], "rotation": 90, "texture": "#1" },
        "up": { "uv": [6, 3, 10, 4], "rotation": 180, "texture": "#1" },
        "down": { "uv": [4, 4, 8, 5], "texture": "#1" }
      }
    },
    {
      "from": [0, 4, 11],
      "to": [4, 6, 12],
      "rotation": { "angle": 0, "axis": "z", "origin": [8, 8, 8] },
      "faces": {
        "north": { "uv": [4, 12, 6, 16], "rotation": 270, "texture": "#1" },
        "east": { "uv": [4, 15, 6, 16], "rotation": 270, "texture": "#1" },
        "south": { "uv": [4, 12, 6, 16], "rotation": 270, "texture": "#1" },
        "west": { "uv": [10, 15, 12, 16], "rotation": 90, "texture": "#1" },
        "up": { "uv": [6, 12, 10, 13], "rotation": 180, "texture": "#1" },
        "down": { "uv": [4, 11, 8, 12], "texture": "#1" }
      }
    },
    {
      "from": [0, 5, 5],
      "to": [4, 11, 11],
      "rotation": { "angle": 0, "axis": "z", "origin": [8, 8, 8] },
      "faces": {
        "north": { "uv": [5, 12, 11, 16], "rotation": 270, "texture": "#3" },
        "east": { "uv": [5, 5, 11, 11], "rotation": 270, "texture": "#3" },
        "south": { "uv": [5, 0, 11, 4], "rotation": 270, "texture": "#3" },
        "west": { "uv": [5, 5, 11, 11], "rotation": 90, "texture": "#3" },
        "up": { "uv": [12, 5, 16, 11], "rotation": 180, "texture": "#3" },
        "down": { "uv": [0, 5, 4, 11], "texture": "#3" }
      }
    },
    {
      "from": [12, 4, 5],
      "to": [16, 5, 6],
      "rotation": { "angle": 0, "axis": "z", "origin": [8, 8, 8] },
      "faces": {
        "north": { "uv": [3, 5, 4, 9], "rotation": 270, "texture": "#1" },
        "east": { "uv": [3, 5, 4, 6], "rotation": 270, "texture": "#1" },
        "south": { "uv": [3, 5, 4, 9], "rotation": 270, "texture": "#1" },
        "west": { "uv": [3, 5, 4, 6], "rotation": 90, "texture": "#1" },
        "up": { "uv": [0, 5, 4, 6], "rotation": 180, "texture": "#1" },
        "down": { "uv": [0, 5, 4, 6], "texture": "#1" }
      }
    },
    {
      "from": [12, 4, 10],
      "to": [16, 5, 11],
      "rotation": { "angle": 0, "axis": "z", "origin": [8, 8, 8] },
      "faces": {
        "north": { "uv": [5, 0, 6, 4], "rotation": 270, "texture": "#1" },
        "east": { "uv": [5, 0, 6, 1], "rotation": 270, "texture": "#1" },
        "south": { "uv": [5, 0, 6, 4], "rotation": 270, "texture": "#1" },
        "west": { "uv": [5, 0, 6, 1], "rotation": 90, "texture": "#1" },
        "up": { "uv": [6, 3, 10, 4], "rotation": 180, "texture": "#1" },
        "down": { "uv": [6, 3, 10, 4], "texture": "#1" }
      }
    },
    {
      "from": [12, 11, 5],
      "to": [16, 12, 6],
      "rotation": { "angle": 0, "axis": "z", "origin": [8, 8, 8] },
      "faces": {
        "north": { "uv": [12, 5, 13, 9], "rotation": 270, "texture": "#1" },
        "east": { "uv": [12, 5, 13, 6], "rotation": 270, "texture": "#1" },
        "south": { "uv": [12, 5, 13, 9], "rotation": 270, "texture": "#1" },
        "west": { "uv": [12, 5, 13, 6], "rotation": 90, "texture": "#1" },
        "up": { "uv": [12, 5, 16, 6], "rotation": 180, "texture": "#1" },
        "down": { "uv": [12, 5, 16, 6], "texture": "#1" }
      }
    },
    {
      "from": [12, 11, 10],
      "to": [16, 12, 11],
      "rotation": { "angle": 0, "axis": "z", "origin": [8, 8, 8] },
      "faces": {
        "north": { "uv": [5, 12, 6, 16], "rotation": 270, "texture": "#1" },
        "east": { "uv": [5, 12, 6, 13], "rotation": 270, "texture": "#1" },
        "south": { "uv": [5, 12, 6, 16], "rotation": 270, "texture": "#1" },
        "west": { "uv": [5, 12, 6, 13], "rotation": 90, "texture": "#1" },
        "up": { "uv": [5, 12, 9, 13], "rotation": 180, "texture": "#1" },
        "down": { "uv": [5, 12, 9, 13], "texture": "#1" }
      }
    },
    {
      "from": [12, 10, 4],
      "to": [16, 12, 5],
      "rotation": { "angle": 0, "axis": "z", "origin": [8, 8, 8] },
      "faces": {
        "north": { "uv": [10, 12, 12, 16], "rotation": 270, "texture": "#1" },
        "east": { "uv": [10, 15, 12, 16], "rotation": 270, "texture": "#1" },
        "south": { "uv": [10, 12, 12, 16], "rotation": 270, "texture": "#1" },
        "west": { "uv": [4, 15, 6, 16], "rotation": 90, "texture": "#1" },
        "up": { "uv": [8, 11, 12, 12], "rotation": 180, "texture": "#1" },
        "down": { "uv": [6, 12, 10, 13], "texture": "#1" }
      }
    },
    {
      "from": [12, 10, 11],
      "to": [16, 12, 12],
      "rotation": { "angle": 0, "axis": "z", "origin": [8, 8, 8] },
      "faces": {
        "north": { "uv": [10, 0, 12, 4], "rotation": 270, "texture": "#1" },
        "east": { "uv": [10, 0, 12, 1], "rotation": 270, "texture": "#1" },
        "south": { "uv": [10, 0, 12, 4], "rotation": 270, "texture": "#1" },
        "west": { "uv": [4, 0, 6, 1], "rotation": 90, "texture": "#1" },
        "up": { "uv": [8, 4, 12, 5], "rotation": 180, "texture": "#1" },
        "down": { "uv": [6, 3, 10, 4], "texture": "#1" }
      }
    },
    {
      "from": [12, 4, 4],
      "to": [16, 6, 5],
      "rotation": { "angle": 0, "axis": "z", "origin": [8, 8, 8] },
      "faces": {
        "north": { "uv": [4, 0, 6, 4], "rotation": 270, "texture": "#1" },
        "east": { "uv": [4, 0, 6, 1], "rotation": 270, "texture": "#1" },
        "south": { "uv": [4, 0, 6, 4], "rotation": 270, "texture": "#1" },
        "west": { "uv": [10, 0, 12, 1], "rotation": 90, "texture": "#1" },
        "up": { "uv": [6, 3, 10, 4], "rotation": 180, "texture": "#1" },
        "down": { "uv": [4, 4, 8, 5], "texture": "#1" }
      }
    },
    {
      "from": [12, 4, 11],
      "to": [16, 6, 12],
      "rotation": { "angle": 0, "axis": "z", "origin": [8, 8, 8] },
      "faces": {
        "north": { "uv": [4, 12, 6, 16], "rotation": 270, "texture": "#1" },
        "east": { "uv": [4, 15, 6, 16], "rotation": 270, "texture": "#1" },
        "south": { "uv": [4, 12, 6, 16], "rotation": 270, "texture": "#1" },
        "west": { "uv": [10, 15, 12, 16], "rotation": 90, "texture": "#1" },
        "up": { "uv": [6, 12, 10, 13], "rotation": 180, "texture": "#1" },
        "down": { "uv": [4, 11, 8, 12], "texture": "#1" }
      }
    },
    {
      "from": [12, 5, 5],
      "to": [16, 11, 11],
      "rotation": { "angle": 0, "axis": "z", "origin": [8, 8, 8] },
      "faces": {
        "north": { "uv": [5, 12, 11, 16], "rotation": 270, "texture": "#3" },
        "east": { "uv": [5, 5, 11, 11], "rotation": 270, "texture": "#3" },
        "south": { "uv": [5, 0, 11, 4], "rotation": 270, "texture": "#3" },
        "west": { "uv": [5, 5, 11, 11], "rotation": 90, "texture": "#3" },
        "up": { "uv": [12, 5, 16, 11], "rotation": 180, "texture": "#3" },
        "down": { "uv": [0, 5, 4, 11], "texture": "#3" }
      }
    },
    {
      "from": [12, 4, 5],
      "to": [16, 5, 6],
      "rotation": { "angle": 0, "axis": "z", "origin": [8, 8, 8] },
      "faces": {
        "north": { "uv": [3, 5, 4, 9], "rotation": 270, "texture": "#1" },
        "east": { "uv": [3, 5, 4, 6], "rotation": 270, "texture": "#1" },
        "south": { "uv": [3, 5, 4, 9], "rotation": 270, "texture": "#1" },
        "west": { "uv": [3, 5, 4, 6], "rotation": 90, "texture": "#1" },
        "up": { "uv": [0, 5, 4, 6], "rotation": 180, "texture": "#1" },
        "down": { "uv": [0, 5, 4, 6], "texture": "#1" }
      }
    },
    {
      "from": [12, 4, 10],
      "to": [16, 5, 11],
      "rotation": { "angle": 0, "axis": "z", "origin": [8, 8, 8] },
      "faces": {
        "north": { "uv": [5, 0, 6, 4], "rotation": 270, "texture": "#1" },
        "east": { "uv": [5, 0, 6, 1], "rotation": 270, "texture": "#1" },
        "south": { "uv": [5, 0, 6, 4], "rotation": 270, "texture": "#1" },
        "west": { "uv": [5, 0, 6, 1], "rotation": 90, "texture": "#1" },
        "up": { "uv": [6, 3, 10, 4], "rotation": 180, "texture": "#1" },
        "down": { "uv": [6, 3, 10, 4], "texture": "#1" }
      }
    },
    {
      "from": [12, 11, 5],
      "to": [16, 12, 6],
      "rotation": { "angle": 0, "axis": "z", "origin": [8, 8, 8] },
      "faces": {
        "north": { "uv": [12, 5, 13, 9], "rotation": 270, "texture": "#1" },
        "east": { "uv": [12, 5, 13, 6], "rotation": 270, "texture": "#1" },
        "south": { "uv": [12, 5, 13, 9], "rotation": 270, "texture": "#1" },
        "west": { "uv": [12, 5, 13, 6], "rotation": 90, "texture": "#1" },
        "up": { "uv": [12, 5, 16, 6], "rotation": 180, "texture": "#1" },
        "down": { "uv": [12, 5, 16, 6], "texture": "#1" }
      }
    },
    {
      "from": [12, 11, 10],
      "to": [16, 12, 11],
      "rotation": { "angle": 0, "axis": "z", "origin": [8, 8, 8] },
      "faces": {
        "north": { "uv": [5, 12, 6, 16], "rotation": 270, "texture": "#1" },
        "east": { "uv": [5, 12, 6, 13], "rotation": 270, "texture": "#1" },
        "south": { "uv": [5, 12, 6, 16], "rotation": 270, "texture": "#1" },
        "west": { "uv": [5, 12, 6, 13], "rotation": 90, "texture": "#1" },
        "up": { "uv": [5, 12, 9, 13], "rotation": 180, "texture": "#1" },
        "down": { "uv": [5, 12, 9, 13], "texture": "#1" }
      }
    },
    {
      "from": [12, 10, 4],
      "to": [16, 12, 5],
      "rotation": { "angle": 0, "axis": "z", "origin": [8, 8, 8] },
      "faces": {
        "north": { "uv": [10, 12, 12, 16], "rotation": 270, "texture": "#1" },
        "east": { "uv": [10, 15, 12, 16], "rotation": 270, "texture": "#1" },
        "south": { "uv": [10, 12, 12, 16], "rotation": 270, "texture": "#1" },
        "west": { "uv": [4, 15, 6, 16], "rotation": 90, "texture": "#1" },
        "up": { "uv": [8, 11, 12, 12], "rotation": 180, "texture": "#1" },
        "down": { "uv": [6, 12, 10, 13], "texture": "#1" }
      }
    },
    {
      "from": [12, 10, 11],
      "to": [16, 12, 12],
      "rotation": { "angle": 0, "axis": "z", "origin": [8, 8, 8] },
      "faces": {
        "north": { "uv": [10, 0, 12, 4], "rotation": 270, "texture": "#1" },
        "east": { "uv": [10, 0, 12, 1], "rotation": 270, "texture": "#1" },
        "south": { "uv": [10, 0, 12, 4], "rotation": 270, "texture": "#1" },
        "west": { "uv": [4, 0, 6, 1], "rotation": 90, "texture": "#1" },
        "up": { "uv": [8, 4, 12, 5], "rotation": 180, "texture": "#1" },
        "down": { "uv": [6, 3, 10, 4], "texture": "#1" }
      }
    },
    {
      "from": [12, 4, 4],
      "to": [16, 6, 5],
      "rotation": { "angle": 0, "axis": "z", "origin": [8, 8, 8] },
      "faces": {
        "north": { "uv": [4, 0, 6, 4], "rotation": 270, "texture": "#1" },
        "east": { "uv": [4, 0, 6, 1], "rotation": 270, "texture": "#1" },
        "south": { "uv": [4, 0, 6, 4], "rotation": 270, "texture": "#1" },
        "west": { "uv": [10, 0, 12, 1], "rotation": 90, "texture": "#1" },
        "up": { "uv": [6, 3, 10, 4], "rotation": 180, "texture": "#1" },
        "down": { "uv": [4, 4, 8, 5], "texture": "#1" }
      }
    },
    {
      "from": [12, 4, 11],
      "to": [16, 6, 12],
      "rotation": { "angle": 0, "axis": "z", "origin": [8, 8, 8] },
      "faces": {
        "north": { "uv": [4, 12, 6, 16], "rotation": 270, "texture": "#1" },
        "east": { "uv": [4, 15, 6, 16], "rotation": 270, "texture": "#1" },
        "south": { "uv": [4, 12, 6, 16], "rotation": 270, "texture": "#1" },
        "west": { "uv": [10, 15, 12, 16], "rotation": 90, "texture": "#1" },
        "up": { "uv": [6, 12, 10, 13], "rotation": 180, "texture": "#1" },
        "down": { "uv": [4, 11, 8, 12], "texture": "#1" }
      }
    },
    {
      "from": [12, 5, 5],
      "to": [16, 11, 11],
      "rotation": { "angle": 0, "axis": "z", "origin": [8, 8, 8] },
      "faces": {
        "north": { "uv": [5, 12, 11, 16], "rotation": 270, "texture": "#3" },
        "east": { "uv": [5, 5, 11, 11], "rotation": 270, "texture": "#3" },
        "south": { "uv": [5, 0, 11, 4], "rotation": 270, "texture": "#3" },
        "west": { "uv": [5, 5, 11, 11], "rotation": 90, "texture": "#3" },
        "up": { "uv": [12, 5, 16, 11], "rotation": 180, "texture": "#3" },
        "down": { "uv": [0, 5, 4, 11], "texture": "#3" }
      }
    },
    {
      "from": [4, 4, 4],
      "to": [12, 6, 6],
      "faces": {
        "north": { "uv": [4, 10, 12, 12], "texture": "#1" },
        "east": { "uv": [10, 10, 12, 12], "texture": "#1" },
        "south": { "uv": [4, 9, 12, 11], "texture": "#1" },
        "west": { "uv": [4, 10, 6, 12], "texture": "#1" },
        "up": { "uv": [4, 9, 12, 11], "texture": "#1" },
        "down": { "uv": [4, 10, 12, 12], "texture": "#1" }
      }
    },
    {
      "from": [4, 10, 4],
      "to": [12, 12, 6],
      "faces": {
        "north": { "uv": [4, 4, 12, 6], "texture": "#1" },
        "east": { "uv": [10, 4, 12, 6], "texture": "#1" },
        "south": { "uv": [4, 5, 12, 7], "texture": "#1" },
        "west": { "uv": [4, 4, 6, 6], "texture": "#1" },
        "up": { "uv": [4, 4, 12, 6], "texture": "#1" },
        "down": { "uv": [4, 5, 12, 7], "texture": "#1" }
      }
    },
    {
      "from": [4, 6, 4],
      "to": [6, 10, 6],
      "faces": {
        "north": { "uv": [10, 6, 12, 10], "texture": "#1" },
        "east": { "uv": [9, 6, 11, 10], "texture": "#1" },
        "south": { "uv": [5, 6, 7, 10], "texture": "#1" },
        "west": { "uv": [4, 6, 6, 10], "texture": "#1" },
        "up": { "uv": [10, 4, 12, 5], "texture": "#1" },
        "down": { "uv": [10, 4, 12, 5], "texture": "#1" }
      }
    },
    {
      "from": [10, 6, 4],
      "to": [12, 10, 6],
      "faces": {
        "north": { "uv": [4, 6, 6, 10], "texture": "#1" },
        "east": { "uv": [10, 6, 12, 10], "texture": "#1" },
        "south": { "uv": [10, 6, 12, 10], "texture": "#1" },
        "west": { "uv": [5, 6, 7, 10], "texture": "#1" },
        "up": { "uv": [4, 4, 6, 5], "texture": "#1" },
        "down": { "uv": [4, 4, 6, 5], "texture": "#1" }
      }
    },
    {
      "from": [4, 4, 10],
      "to": [12, 6, 12],
      "faces": {
        "north": { "uv": [4, 9, 12, 11], "texture": "#1" },
        "east": { "uv": [4, 10, 6, 12], "texture": "#1" },
        "south": { "uv": [4, 10, 12, 12], "texture": "#1" },
        "west": { "uv": [10, 10, 12, 12], "texture": "#1" },
        "up": { "uv": [4, 9, 12, 11], "texture": "#1" },
        "down": { "uv": [4, 4, 12, 6], "texture": "#1" }
      }
    },
    {
      "from": [4, 6, 10],
      "to": [6, 10, 12],
      "faces": {
        "north": { "uv": [9, 6, 11, 10], "texture": "#1" },
        "east": { "uv": [9, 6, 11, 10], "texture": "#1" },
        "south": { "uv": [4, 6, 6, 10], "texture": "#1" },
        "west": { "uv": [10, 6, 12, 10], "texture": "#1" },
        "up": { "uv": [10, 4, 12, 5], "texture": "#1" },
        "down": { "uv": [10, 4, 12, 5], "texture": "#1" }
      }
    },
    {
      "from": [4, 10, 10],
      "to": [12, 12, 12],
      "faces": {
        "north": { "uv": [4, 5, 12, 7], "texture": "#1" },
        "east": { "uv": [4, 4, 6, 6], "texture": "#1" },
        "south": { "uv": [4, 4, 12, 6], "texture": "#1" },
        "west": { "uv": [10, 4, 12, 6], "texture": "#1" },
        "up": { "uv": [4, 10, 12, 12], "texture": "#1" },
        "down": { "uv": [4, 5, 12, 7], "texture": "#1" }
      }
    },
    {
      "from": [10, 6, 10],
      "to": [12, 10, 12],
      "faces": {
        "north": { "uv": [5, 6, 7, 10], "texture": "#1" },
        "east": { "uv": [4, 6, 6, 10], "texture": "#1" },
        "south": { "uv": [10, 6, 12, 10], "texture": "#1" },
        "west": { "uv": [5, 6, 7, 10], "texture": "#1" },
        "up": { "uv": [4, 4, 6, 5], "texture": "#1" },
        "down": { "uv": [4, 4, 6, 5], "texture": "#1" }
      }
    },
    {
      "from": [4, 4, 6],
      "to": [6, 6, 10],
      "faces": {
        "north": { "uv": [7, 7, 9, 9], "texture": "#1" },
        "east": { "uv": [6, 5, 10, 7], "texture": "#1" },
        "south": { "uv": [7, 7, 9, 9], "texture": "#1" },
        "west": { "uv": [6, 10, 10, 12], "texture": "#1" },
        "up": { "uv": [9, 6, 11, 10], "texture": "#1" },
        "down": { "uv": [4, 6, 6, 10], "texture": "#1" }
      }
    },
    {
      "from": [4, 10, 6],
      "to": [6, 12, 10],
      "faces": {
        "north": { "uv": [7, 7, 9, 9], "texture": "#1" },
        "east": { "uv": [6, 5, 10, 7], "texture": "#1" },
        "south": { "uv": [7, 7, 9, 9], "texture": "#1" },
        "west": { "uv": [6, 4, 10, 6], "texture": "#1" },
        "up": { "uv": [4, 6, 6, 10], "texture": "#1" },
        "down": { "uv": [5, 6, 7, 10], "texture": "#1" }
      }
    },
    {
      "from": [10, 10, 6],
      "to": [12, 12, 10],
      "faces": {
        "north": { "uv": [7, 7, 9, 9], "texture": "#1" },
        "east": { "uv": [6, 4, 10, 6], "texture": "#1" },
        "south": { "uv": [7, 7, 9, 9], "texture": "#1" },
        "west": { "uv": [6, 5, 10, 7], "texture": "#1" },
        "up": { "uv": [10, 6, 12, 10], "texture": "#1" },
        "down": { "uv": [5, 6, 7, 10], "texture": "#1" }
      }
    },
    {
      "from": [10, 4, 6],
      "to": [12, 6, 10],
      "faces": {
        "north": { "uv": [7, 7, 9, 9], "texture": "#1" },
        "east": { "uv": [6, 10, 10, 12], "texture": "#1" },
        "south": { "uv": [7, 7, 9, 9], "texture": "#1" },
        "west": { "uv": [6, 5, 10, 7], "texture": "#1" },
        "up": { "uv": [5, 6, 7, 10], "texture": "#1" },
        "down": { "uv": [10, 6, 12, 10], "texture": "#1" }
      }
    },
    {
      "from": [5, 5, 5],
      "to": [11, 11, 11],
      "faces": {
        "north": { "uv": [5, 5, 11, 11], "texture": "#3" },
        "east": { "uv": [5, 5, 11, 11], "texture": "#3" },
        "south": { "uv": [5, 5, 11, 11], "texture": "#3" },
        "west": { "uv": [5, 5, 11, 11], "texture": "#3" },
        "up": { "uv": [5, 5, 11, 11], "texture": "#3" },
        "down": { "uv": [5, 5, 11, 11], "texture": "#3" }
      }
    }
  ],
  "groups": [
    {
      "name": "group",
      "origin": [8, 8, 8],
      "color": 0,
      "children": [0, 1, 2, 3, 4, 5, 6, 7, 8, 9, 10, 11, 12, 13, 14, 15, 16, 17]
    },
    {
      "name": "group",
      "origin": [8, 8, 8],
      "color": 0,
      "children": [
        18, 19, 20, 21, 22, 23, 24, 25, 26, 27, 28, 29, 30, 31, 32, 33, 34, 35
      ]
    },
    {
      "name": "group",
      "origin": [8, 8, 8],
      "color": 0,
      "children": [
        36, 37, 38, 39, 40, 41, 42, 43, 44, 45, 46, 47, 48, 49, 50, 51, 52, 53
      ]
    },
    {
      "name": "group",
      "origin": [8, 8, 8],
      "color": 0,
      "children": [
        54, 55, 56, 57, 58, 59, 60, 61, 62, 63, 64, 65, 66, 67, 68, 69, 70, 71
      ]
    },
    72,
    73,
    74,
    75,
    76,
    77,
    78,
    79,
    80,
    81,
    82,
    83,
    84
  ]
}
